AAD_ANBUAUSDRDETAILID (PK);AAD_ANBUAUSDRDETAILID
AAL_LANDNR (PK);AAL_LANDNR
AAL_AUSDRUCKID (PK);AAL_AUSDRUCKID
AAM_ANBUAUSDRMASTERNR (PK);AAM_ANBUAUSDRMASTERNR
ABJ_BEWRESID (PK);ABJ_BEWRESID
ABJ_BRJOURNALID (PK);ABJ_BRJOURNALID
ABO_SAK_FIRMENNR (PK);ABO_SAK_FIRMENNR
ABO_SAK_FIBUNR (PK);ABO_SAK_FIBUNR
ABO_SAK_KONTONR (PK);ABO_SAK_KONTONR
ABO_BUCHART (PK);ABO_BUCHART
ABO_BERECHNUNGSART (PK);ABO_BERECHNUNGSART
ABO_KONTIERUNGSART (PK);ABO_KONTIERUNGSART
ABR_BEWRESID (PK);ABR_BEWRESID
ABU_FIRMENNR (PK);ABU_FIRMENNR
ABU_ANBUNR (PK);ABU_ANBUNR
ACT_ANLAGEGUTID (PK);ACT_ANLAGEGUTID
ACT_ANBUBERECHART (PK);ACT_ANBUBERECHART
ACT_VONDATUM (PK);ACT_VONDATUM
ACT_BISDATUM (PK);ACT_BISDATUM
ACZ_ANLAGEGUTID (PK);ACZ_ANLAGEGUTID
ACZ_ANLGSAK_VON (PK);ACZ_ANLGSAK_VON
ADP_AUSDRGESTPAKETNR (PK);ADP_AUSDRGESTPAKETNR
ADP_ART1 (PK);ADP_ART1
ADP_ART2 (PK);ADP_ART2
ADP_ART3 (PK);ADP_ART3
ADP_ART4 (PK);ADP_ART4
AET_ANLAGEGUTID (PK);AET_ANLAGEGUTID
AET_BISDATUM (PK);AET_BISDATUM
AGT_ANLAGEGUTID (PK);AGT_ANLAGEGUTID
AGU_ANLAGEGUTID (PK);AGU_ANLAGEGUTID
AIT_KEY_ID (PK);AIT_KEY_ID
AJO_ANLAGEGUTID (PK);AJO_ANLAGEGUTID
AJO_ANBUJOURNALID (PK);AJO_ANBUJOURNALID
AKN_FIRMENNR (PK);AKN_FIRMENNR
AKN_ANBUNR (PK);AKN_ANBUNR
AKN_ANLAGEGUTID (PK);AKN_ANLAGEGUTID
ALG_ANLGRUPPENID (PK);ALG_ANLGRUPPENID
AMU_ANLAGEGUTID (PK);AMU_ANLAGEGUTID
AMU_BAR_RF_ID (PK);AMU_BAR_RF_ID
ANB_ANLBUCHID (PK);ANB_ANLBUCHID
AND_LANDNR (PK);AND_LANDNR
AND_FIRMENNR (PK);AND_FIRMENNR
AND_ANBUNDLFDNR (PK);AND_ANBUNDLFDNR
ANS_ANLSCHEMAID (PK);ANS_ANLSCHEMAID
ANZ_ANLAGEGUTID (PK);ANZ_ANLAGEGUTID
ANZ_KOST_KOSTENTYP (PK);ANZ_KOST_KOSTENTYP
ANZ_KOST_KNOTENREFNR (PK);ANZ_KOST_KNOTENREFNR
ANZ_ANLGKOST_VON (PK);ANZ_ANLGKOST_VON
APC_PRODUKTIONSCODENR (PK);APC_PRODUKTIONSCODENR
ART_BEWRESID (PK);ART_BEWRESID
ARZ_ANLAGEGUTID (PK);ARZ_ANLAGEGUTID
ARZ_ANLGRUPPENID (PK);ARZ_ANLGRUPPENID
ARZ_ZUORDNUNG_AB (PK);ARZ_ZUORDNUNG_AB
ASP_ANBUSPALTENKOPFID (PK);ASP_ANBUSPALTENKOPFID
ASU_ANLSUMLFDNR (PK);ASU_ANLSUMLFDNR
ASU_FIRMENNR (PK);ASU_FIRMENNR
ASU_FIBUNR (PK);ASU_FIBUNR
ASU_KONTONR (PK);ASU_KONTONR
ASU_BERECHART (PK);ASU_BERECHART
ASU_SUMMEN_VORJAHR (PK);ASU_SUMMEN_VORJAHR
ASU_PERIODE (PK);ASU_PERIODE
AUB_FIRMENNR (PK);AUB_FIRMENNR
AUB_PERSONENID (PK);AUB_PERSONENID
AUB_AUBERKLJAHR (PK);AUB_AUBERKLJAHR
AUB_AUBMODELL (PK);AUB_AUBMODELL
AUB_AUBLFDNR (PK);AUB_AUBLFDNR
AUS_FIRMENNR (PK);AUS_FIRMENNR
AUS_FIBUNR (PK);AUS_FIBUNR
AUS_KONTONR (PK);AUS_KONTONR
AUS_GLSCHEMANR (PK);AUS_GLSCHEMANR
AUS_GLTEXTNR (PK);AUS_GLTEXTNR
AUZ_FIRMENNR (PK);AUZ_FIRMENNR
AUZ_FIBUNR (PK);AUZ_FIBUNR
AUZ_KONTONR (PK);AUZ_KONTONR
AUZ_GLSCHEMANR (PK);AUZ_GLSCHEMANR
AUZ_GLTEXTNR (PK);AUZ_GLTEXTNR
AWK_FIRMENNR (PK);AWK_FIRMENNR
AWK_FIBUNR (PK);AWK_FIBUNR
AWK_GLSCHEMANR (PK);AWK_GLSCHEMANR
AZK_ANBUZKID (PK);AZK_ANBUZKID
BBA_BANR (PK);BBA_BANR
BFZ_FIRMENNR (PK);BFZ_FIRMENNR
BFZ_FIBUNR (PK);BFZ_FIBUNR
BFZ_BETGESLFDNR (PK);BFZ_BETGESLFDNR
BKZ_FIRMENNR (PK);BKZ_FIRMENNR
BKZ_KZNR (PK);BKZ_KZNR
BKZ_KZPAKETNR (PK);BKZ_KZPAKETNR
BKZ_ISTEIGENE (PK);BKZ_ISTEIGENE
BLT_BLANGTEXTLFDNR (PK);BLT_BLANGTEXTLFDNR
BPV_FIRMENNR (PK);BPV_FIRMENNR
BPV_ANBUNR (PK);BPV_ANBUNR
BPV_BERECHNUNGSART (PK);BPV_BERECHNUNGSART
BPV_ANLAGEGUTID (PK);BPV_ANLAGEGUTID
BPV_JAHR_STICHTAG (PK);BPV_JAHR_STICHTAG
BTW_FIR_FIRMENNR (PK);BTW_FIR_FIRMENNR
BTW_PERSONENID (PK);BTW_PERSONENID
BTW_ERKLNR (PK);BTW_ERKLNR
BTW_ERKLUNTERNR (PK);BTW_ERKLUNTERNR
BTW_MODELL (PK);BTW_MODELL
BTW_STEUERWERTJAHR (PK);BTW_STEUERWERTJAHR
BTW_STEUERWERTLFDNR (PK);BTW_STEUERWERTLFDNR
BTW_HAUPT_ERKLNR (PK);BTW_HAUPT_ERKLNR
BUM_FIRMENNR (PK);BUM_FIRMENNR
BUM_FIBUNR (PK);BUM_FIBUNR
BUM_UMBUCHUNGLFDNR (PK);BUM_UMBUCHUNGLFDNR
BVG_FIRMENNR (PK);BVG_FIRMENNR
BVG_KZNR (PK);BVG_KZNR
BVG_KZPAKETNR (PK);BVG_KZPAKETNR
BVG_LANDNR (PK);BVG_LANDNR
BVG_BRANCHENNR (PK);BVG_BRANCHENNR
BVG_GROESSENTYP (PK);BVG_GROESSENTYP
BVG_VERGLEICHSJAHR (PK);BVG_VERGLEICHSJAHR
BVG_QUARTAL (PK);BVG_QUARTAL
BVG_ISTEIGENE (PK);BVG_ISTEIGENE
BWR_FIRMENNR (PK);BWR_FIRMENNR
BWR_FIBUNR (PK);BWR_FIBUNR
BWR_KONTONR (PK);BWR_KONTONR
BWR_SUMMEN_VORJAHR (PK);BWR_SUMMEN_VORJAHR
BWR_BWRART (PK);BWR_BWRART
BWR_BWRLFDNR (PK);BWR_BWRLFDNR
CCA_CCAID (PK);CCA_CCAID
CCC_CCCID (PK);CCC_CCCID
CCE_CCEID (PK);CCE_CCEID
EBS_EBILNR (PK);EBS_EBILNR
EBS_ABJAHRWJBEGINN (PK);EBS_ABJAHRWJBEGINN
FBA_FIRMENNR (PK);FBA_FIRMENNR
FBA_FIBUNR (PK);FBA_FIBUNR
FBA_JABFBTYP (PK);FBA_JABFBTYP
FNS_FIRMENNR (PK);FNS_FIRMENNR
FNS_FIBUNR (PK);FNS_FIBUNR
FNS_FINANZINSLFDNR (PK);FNS_FINANZINSLFDNR
GAU_GES_FIRMENNR (PK);GAU_GES_FIRMENNR
GAU_GES_PERSONENID (PK);GAU_GES_PERSONENID
GAU_GES_PERSONUNTERNR (PK);GAU_GES_PERSONUNTERNR
GAU_KUN_FIRMENNR (PK);GAU_KUN_FIRMENNR
GAU_KUN_PERSONENID (PK);GAU_KUN_PERSONENID
GAU_GEWAUFT_JAHR (PK);GAU_GEWAUFT_JAHR
GAU_GEWAUFT_MODELL (PK);GAU_GEWAUFT_MODELL
GAU_EK_ART (PK);GAU_EK_ART
GAU_STEUER_ERKLNR (PK);GAU_STEUER_ERKLNR
GAU_UNTERSTERKLNR (PK);GAU_UNTERSTERKLNR
GE2_FIRMENNR (PK);GE2_FIRMENNR
GE2_PERSONENID (PK);GE2_PERSONENID
GE2_STEUERERKLJAHR (PK);GE2_STEUERERKLJAHR
GE2_MODELL (PK);GE2_MODELL
GE2_ERKLNR (PK);GE2_ERKLNR
GE2_ERKLUNTERNR (PK);GE2_ERKLUNTERNR
GE2_GB2LFDNR (PK);GE2_GB2LFDNR
GFZ_FIRMENNR (PK);GFZ_FIRMENNR
GFZ_FIBUNR (PK);GFZ_FIBUNR
GFZ_XMLJABGESNR (PK);GFZ_XMLJABGESNR
GKL_GR_KZPAKETNR (PK);GKL_GR_KZPAKETNR
GKL_LANDNR (PK);GKL_LANDNR
GKL_BRANCHENNR (PK);GKL_BRANCHENNR
GKL_GR_VERGLEICHSJAHR (PK);GKL_GR_VERGLEICHSJAHR
GKL_GR_QUARTAL (PK);GKL_GR_QUARTAL
GKL_GR_LFDNR (PK);GKL_GR_LFDNR
GLS_FIRMENNR (PK);GLS_FIRMENNR
GLS_FIBUNR (PK);GLS_FIBUNR
GLS_GLSCHEMANR (PK);GLS_GLSCHEMANR
GLS_ISTEIGENE (PK);GLS_ISTEIGENE
GLT_FIRMENNR (PK);GLT_FIRMENNR
GLT_FIBUNR (PK);GLT_FIBUNR
GLT_GLSCHEMANR (PK);GLT_GLSCHEMANR
GLT_GLTEXTNR (PK);GLT_GLTEXTNR
GLT_ISTEIGENE (PK);GLT_ISTEIGENE
GLV_GLT_FIRMENNR (PK);GLV_GLT_FIRMENNR
GLV_GLT_FIBUNR (PK);GLV_GLT_FIBUNR
GLV_GLT_GLSCHEMANR (PK);GLV_GLT_GLSCHEMANR
GLV_GLT_GLTEXTNR (PK);GLV_GLT_GLTEXTNR
GLV_GLSCHEMANR (PK);GLV_GLSCHEMANR
GLV_GLTEXTNR (PK);GLV_GLTEXTNR
GLV_GLT_ISTEIGENE (PK);GLV_GLT_ISTEIGENE
GLZ_FIRMENNR (PK);GLZ_FIRMENNR
GLZ_FIBUNR (PK);GLZ_FIBUNR
GLZ_KONTONR (PK);GLZ_KONTONR
GLZ_GLSCHEMANR (PK);GLZ_GLSCHEMANR
GLZ_GLTEXTNR (PK);GLZ_GLTEXTNR
GMG_PER_FIRMENNR (PK);GMG_PER_FIRMENNR
GMG_PER_PERSONENID (PK);GMG_PER_PERSONENID
GMG_GRPMGLJAHR (PK);GMG_GRPMGLJAHR
GMG_GRPMGLMODELL (PK);GMG_GRPMGLMODELL
GMG_GRPMGLART (PK);GMG_GRPMGLART
GMG_GRPMGLLFDNR (PK);GMG_GRPMGLLFDNR
GND_GNHID (PK);GND_GNHID
GND_GES_FIRMENNR (PK);GND_GES_FIRMENNR
GND_GES_PERSONENID (PK);GND_GES_PERSONENID
GND_GES_PERSONUNTERNR (PK);GND_GES_PERSONUNTERNR
GND_LFDNR (PK);GND_LFDNR
GNH_GNHID (PK);GNH_GNHID
GSV_PER_FIRMENNR (PK);GSV_PER_FIRMENNR
GSV_PERSONENID (PK);GSV_PERSONENID
GSV_BERECHNUNGSJAHR (PK);GSV_BERECHNUNGSJAHR
GSV_GSVGMODELL (PK);GSV_GSVGMODELL
GTZ_FIRMENNR (PK);GTZ_FIRMENNR
GTZ_FIBUNR (PK);GTZ_FIBUNR
GTZ_SPRACHNR (PK);GTZ_SPRACHNR
GTZ_GLSCHEMANR (PK);GTZ_GLSCHEMANR
GTZ_GLTEXTNR (PK);GTZ_GLTEXTNR
GTZ_ISTEIGENE (PK);GTZ_ISTEIGENE
HEB_GV_ISYS (PK);HEB_GV_ISYS
HEB_HEBJAHR (PK);HEB_HEBJAHR
IAB_IABID (PK);IAB_IABID
IZS_FIRMENNR (PK);IZS_FIRMENNR
IZS_FIBUNR (PK);IZS_FIBUNR
IZS_KONTONR (PK);IZS_KONTONR
IZS_SUMMEN_VORJAHR (PK);IZS_SUMMEN_VORJAHR
IZS_INVZUART (PK);IZS_INVZUART
IZS_INVZULFDNR (PK);IZS_INVZULFDNR
JAB_JAKNR (PK);JAB_JAKNR
JAB_FIRMENNR (PK);JAB_FIRMENNR
JAB_FIBUNR (PK);JAB_FIBUNR
JAB_JABREIHE (PK);JAB_JABREIHE
JAK_JAKNR (PK);JAK_JAKNR
KAU_FIRMENNR (PK);KAU_FIRMENNR
KAU_FIBUNR (PK);KAU_FIBUNR
KAU_GLSCHEMANR (PK);KAU_GLSCHEMANR
KAU_GLTEXTNR (PK);KAU_GLTEXTNR
KAU_KONTONR (PK);KAU_KONTONR
KAU_BUCHUNG_POSNR (PK);KAU_BUCHUNG_POSNR
KAU_AUFGLIEDERUNG_LFDNR (PK);KAU_AUFGLIEDERUNG_LFDNR
LAB_BELEGID (PK);LAB_BELEGID
LAB_FIRMENNR (PK);LAB_FIRMENNR
LAB_FIBUNR (PK);LAB_FIBUNR
LAB_LABKONTOART (PK);LAB_LABKONTOART
LAS_FIRMENNR (PK);LAS_FIRMENNR
LAS_FIBUNR (PK);LAS_FIBUNR
LAS_KONTONR (PK);LAS_KONTONR
LAS_SUMMEN_VORJAHR (PK);LAS_SUMMEN_VORJAHR
LAS_LTSLFDNR (PK);LAS_LTSLFDNR
LBZ_BELEGID (PK);LBZ_BELEGID
LBZ_FIRMENNR (PK);LBZ_FIRMENNR
LBZ_FIBUNR (PK);LBZ_FIBUNR
LBZ_BERECHNUNGSART (PK);LBZ_BERECHNUNGSART
LBZ_LRSID (PK);LBZ_LRSID
LGN_LANDNR (PK);LGN_LANDNR
LGN_LGNJAHR (PK);LGN_LGNJAHR
LRK_FIRMENNR (PK);LRK_FIRMENNR
LRK_FIBUNR (PK);LRK_FIBUNR
LRK_LRKRSTART (PK);LRK_LRKRSTART
LRK_LRKBUCHUNGSART (PK);LRK_LRKBUCHUNGSART
LRK_LRSID (PK);LRK_LRSID
LRS_LRSID (PK);LRS_LRSID
LRS_FIRMENNR (PK);LRS_FIRMENNR
LRS_FIBUNR (PK);LRS_FIBUNR
LSK_FIRMENNR (PK);LSK_FIRMENNR
LSK_FIBUNR (PK);LSK_FIBUNR
LSK_LSKKONTOART (PK);LSK_LSKKONTOART
LSK_LSKBUCHUNGSART (PK);LSK_LSKBUCHUNGSART
MKO_FIRMENNR (PK);MKO_FIRMENNR
MKO_PERSONENID (PK);MKO_PERSONENID
MKO_MINDKOESTJAHR (PK);MKO_MINDKOESTJAHR
MKO_MINDKOESTMODELL (PK);MKO_MINDKOESTMODELL
MKO_MINDKOESTERKLJAHR (PK);MKO_MINDKOESTERKLJAHR
MWK_MWRKOPFID (PK);MWK_MWRKOPFID
MWR_MWRKOPFID (PK);MWR_MWRKOPFID
MWR_MWRID (PK);MWR_MWRID
NEB_FIRMENNR (PK);NEB_FIRMENNR
NEB_PERSONENID (PK);NEB_PERSONENID
NEB_STEUERWERTJAHR (PK);NEB_STEUERWERTJAHR
NEB_MODELL (PK);NEB_MODELL
NEB_ERKLNR (PK);NEB_ERKLNR
NEB_ERKLUNTERNR (PK);NEB_ERKLUNTERNR
NEB_STEUERWERTLFDNR (PK);NEB_STEUERWERTLFDNR
NEB_NEBLFDNR (PK);NEB_NEBLFDNR
NEB_NEBART (PK);NEB_NEBART
NEG_FIRMENNR (PK);NEG_FIRMENNR
NEG_NEGEW_JAHR (PK);NEG_NEGEW_JAHR
NEG_PERSONENID (PK);NEG_PERSONENID
NEG_STEUER_ERKLZUNR (PK);NEG_STEUER_ERKLZUNR
NFZ_FIRMENNR (PK);NFZ_FIRMENNR
NFZ_ANBUNR (PK);NFZ_ANBUNR
NFZ_FWF_FIRMENNR (PK);NFZ_FWF_FIRMENNR
NFZ_FWF_FIBUNR (PK);NFZ_FWF_FIBUNR
NVS_PER_FIRMENNR (PK);NVS_PER_FIRMENNR
NVS_PERSONENID (PK);NVS_PERSONENID
NVS_ERKLJAHR (PK);NVS_ERKLJAHR
NVS_NVSMODELL (PK);NVS_NVSMODELL
NVS_NVSJAHR (PK);NVS_NVSJAHR
PAK_PAKLFDNR (PK);PAK_PAKLFDNR
PBD_PDSID (PK);PBD_PDSID
PBD_PBDLFDNR (PK);PBD_PBDLFDNR
PBD_PBDRSTKZ (PK);PBD_PBDRSTKZ
PBO_FIRMENNR (PK);PBO_FIRMENNR
PBO_FIBUNR (PK);PBO_FIBUNR
PBO_RSTART (PK);PBO_RSTART
PBO_RSTBUART (PK);PBO_RSTBUART
PBO_BETRAG_KZ (PK);PBO_BETRAG_KZ
PBO_BILANZ_KZ (PK);PBO_BILANZ_KZ
PBO_ANGARB_KZ (PK);PBO_ANGARB_KZ
PDS_PDSID (PK);PDS_PDSID
PDZ_PDSID (PK);PDZ_PDSID
PDZ_PDZLFDNR (PK);PDZ_PDZLFDNR
PGS_PDSID (PK);PGS_PDSID
PGS_ZA_ART (PK);PGS_ZA_ART
PIX_FIRMENNR (PK);PIX_FIRMENNR
PIX_PKHMODELL (PK);PIX_PKHMODELL
PIX_PKHSTICHTAG (PK);PIX_PKHSTICHTAG
PIX_FELDNAME (PK);PIX_FELDNAME
PIX_IMPORTKZ (PK);PIX_IMPORTKZ
PKB_FIRMENNR (PK);PKB_FIRMENNR
PKB_MODELL (PK);PKB_MODELL
PKB_STICHTAG (PK);PKB_STICHTAG
PKB_RSTKZ (PK);PKB_RSTKZ
PKB_FIBUFIRMENNR (PK);PKB_FIBUFIRMENNR
PKB_FIBUNR (PK);PKB_FIBUNR
PKB_BELEGID (PK);PKB_BELEGID
PKH_FIRMENNR (PK);PKH_FIRMENNR
PKH_PKHMODELL (PK);PKH_PKHMODELL
PKH_PKHSTICHTAG (PK);PKH_PKHSTICHTAG
PKK_PKKSEQID (PK);PKK_PKKSEQID
PKR_FIRMENNR (PK);PKR_FIRMENNR
PKR_PKRSTICHTAG (PK);PKR_PKRSTICHTAG
PKR_PKRMODELL (PK);PKR_PKRMODELL
PKR_PKRRSTKZ (PK);PKR_PKRRSTKZ
PKW_PKKSEQID (PK);PKW_PKKSEQID
PKW_PKWPARAMKZ (PK);PKW_PKWPARAMKZ
PKW_GUELTIG_AB (PK);PKW_GUELTIG_AB
PKY_FIRMENNR (PK);PKY_FIRMENNR
PKY_MODELL (PK);PKY_MODELL
PKY_STICHTAG (PK);PKY_STICHTAG
PKY_PKKID (PK);PKY_PKKID
PSE_PSKLFDNR (PK);PSE_PSKLFDNR
PSE_ALTER (PK);PSE_ALTER
PSK_PSKLFDNR (PK);PSK_PSKLFDNR
PWT_PAKLFDNR (PK);PWT_PAKLFDNR
PWT_JAHRGANG (PK);PWT_JAHRGANG
RDD_RDDID (PK);RDD_RDDID
RDM_RDMNR (PK);RDM_RDMNR
RSP_RSPID (PK);RSP_RSPID
SEB_SEBID (PK);SEB_SEBID
SES_ERKLNR (PK);SES_ERKLNR
SES_JAHR (PK);SES_JAHR
SKE_STEUER_ERKLZUNR (PK);SKE_STEUER_ERKLZUNR
SKE_STEUER_ERKLNR (PK);SKE_STEUER_ERKLNR
SKE_ERKLERWLFDNR (PK);SKE_ERKLERWLFDNR
SKE_ERKLERWMODELL (PK);SKE_ERKLERWMODELL
SLB_FIRMENNR (PK);SLB_FIRMENNR
SLB_FIBUNR (PK);SLB_FIBUNR
SLB_KONTONR (PK);SLB_KONTONR
SLB_SLBKONTENGRUPPE (PK);SLB_SLBKONTENGRUPPE
SLZ_PER_FIRMENNR (PK);SLZ_PER_FIRMENNR
SLZ_PERSONENID (PK);SLZ_PERSONENID
SLZ_LOHNZJAHR (PK);SLZ_LOHNZJAHR
SLZ_LOHNZART (PK);SLZ_LOHNZART
SLZ_LOHNZLFDNR (PK);SLZ_LOHNZLFDNR
SLZ_LOHNZMODELL (PK);SLZ_LOHNZMODELL
SPW_SPIEGELLFDNR (PK);SPW_SPIEGELLFDNR
SPW_SPIEGELART (PK);SPW_SPIEGELART
SPW_SPIEGEL_VORJAHR (PK);SPW_SPIEGEL_VORJAHR
SPW_FIRMENNR (PK);SPW_FIRMENNR
SPW_FIBUNR (PK);SPW_FIBUNR
SPW_KONTONR (PK);SPW_KONTONR
SPW_PERIODE (PK);SPW_PERIODE
SRB_PER_FIRMENNR (PK);SRB_PER_FIRMENNR
SRB_PERSONENID (PK);SRB_PERSONENID
SRB_ERKLNR (PK);SRB_ERKLNR
SRB_ERKLUNTERNR (PK);SRB_ERKLUNTERNR
SRB_JAHR (PK);SRB_JAHR
SRB_MODELL (PK);SRB_MODELL
SRB_BUCHUNGSART (PK);SRB_BUCHUNGSART
SSU_STEUER_ERKLZUNR (PK);SSU_STEUER_ERKLZUNR
SSU_STEUER_ERKLNR (PK);SSU_STEUER_ERKLNR
SSU_ERKLERWLFDNR (PK);SSU_ERKLERWLFDNR
SSU_ERKLERWMODELL (PK);SSU_ERKLERWMODELL
SSU_FIRMENNR (PK);SSU_FIRMENNR
SSU_FIBUNR (PK);SSU_FIBUNR
SSU_KONTONR (PK);SSU_KONTONR
STS_FIR_FIRMENNR (PK);STS_FIR_FIRMENNR
STS_PERSONENID (PK);STS_PERSONENID
STS_STEUERSTAMMJAHR (PK);STS_STEUERSTAMMJAHR
STW_FIR_FIRMENNR (PK);STW_FIR_FIRMENNR
STW_PERSONENID (PK);STW_PERSONENID
STW_STEUERWERTJAHR (PK);STW_STEUERWERTJAHR
STW_MODELL (PK);STW_MODELL
STW_ERKLNR (PK);STW_ERKLNR
STW_STEUERWERTLFDNR (PK);STW_STEUERWERTLFDNR
STW_ERKLUNTERNR (PK);STW_ERKLUNTERNR
STW_VARIANTE (PK);STW_VARIANTE
TTB_TABJAHR (PK);TTB_TABJAHR
TTB_MODELL (PK);TTB_MODELL
TTB_TTBLFDNR (PK);TTB_TTBLFDNR
TTB_PER_FIRMENNR (PK);TTB_PER_FIRMENNR
TTB_PER_PERSONENID (PK);TTB_PER_PERSONENID
UDB_FIRMENNR (PK);UDB_FIRMENNR
UDB_FIBUNR (PK);UDB_FIBUNR
UDB_VORJAHR (PK);UDB_VORJAHR
UDB_PERIODE (PK);UDB_PERIODE
UEV_PER_FIRMENNR (PK);UEV_PER_FIRMENNR
UEV_PERSONENID (PK);UEV_PERSONENID
UEV_ERKLNR (PK);UEV_ERKLNR
UEV_ERKLUNTERNR (PK);UEV_ERKLUNTERNR
UEV_MODELL (PK);UEV_MODELL
UEV_ENTSTEHUNGSJAHR (PK);UEV_ENTSTEHUNGSJAHR
UEV_VERWERTUNGSJAHR (PK);UEV_VERWERTUNGSJAHR
VRG_PER_FIRMENNR (PK);VRG_PER_FIRMENNR
VRG_PERSONENID (PK);VRG_PERSONENID
VRG_VRGMODELL (PK);VRG_VRGMODELL
VRG_ERKLJAHR (PK);VRG_ERKLJAHR
VRG_VRGJAHR (PK);VRG_VRGJAHR
VRG_LFDNR (PK);VRG_LFDNR
VRG_ANRECHJAHR (PK);VRG_ANRECHJAHR
VVV_PER_FIRMENNR (PK);VVV_PER_FIRMENNR
VVV_PERSONENID (PK);VVV_PERSONENID
VVV_VVVMODELL (PK);VVV_VVVMODELL
VVV_ERKLJAHR (PK);VVV_ERKLJAHR
VVV_VVVJAHR (PK);VVV_VVVJAHR
VVV_VVVLFDNR (PK);VVV_VVVLFDNR
WAA_AKTENNR (PK);WAA_AKTENNR
WAA_AKTENLFDNR (PK);WAA_AKTENLFDNR
WAA_LANDNR (PK);WAA_LANDNR
WIB_WIBANR (PK);WIB_WIBANR
WIB_LANDNR (PK);WIB_LANDNR
WIC_WICHECKLISTID (PK);WIC_WICHECKLISTID
WID_WIPDOKID (PK);WID_WIPDOKID
WIK_WIVARKATID (PK);WIK_WIVARKATID
WIP_WIPRUEFUNGSID (PK);WIP_WIPRUEFUNGSID
WIV_WIVARIABLENID (PK);WIV_WIVARIABLENID
WPD_FIRMENNR (PK);WPD_FIRMENNR
WPD_FIBUNR (PK);WPD_FIBUNR
WPD_WPDLFDNR (PK);WPD_WPDLFDNR
XBR_FIRMENNR (PK);XBR_FIRMENNR
XBR_FIBUNR (PK);XBR_FIBUNR
XBR_XBRLTAG (PK);XBR_XBRLTAG
XBR_XBRLPARENT (PK);XBR_XBRLPARENT
XBR_YEARNO (PK);XBR_YEARNO
XBR_XBRLFDNR (PK);XBR_XBRLFDNR
XBR_XBRLART (PK);XBR_XBRLART
XBR_GESELLNR (PK);XBR_GESELLNR
ABF_ABFRAGEKZ (PK);ABF_ABFRAGEKZ
ABF_ABFRAGENR (PK);ABF_ABFRAGENR
AFI_ABFRAGEKZ (PK);AFI_ABFRAGEKZ
AFI_ABFRAGENR (PK);AFI_ABFRAGENR
AFI_FILTERNR (PK);AFI_FILTERNR
AFZ_ABFRAGEKZ (PK);AFZ_ABFRAGEKZ
AFZ_ABFRAGENR (PK);AFZ_ABFRAGENR
AFZ_TABELLENNAME (PK);AFZ_TABELLENNAME
AFZ_FELDNAME (PK);AFZ_FELDNAME
AKO_AGGKOPFID (PK);AKO_AGGKOPFID
APA_APAID (PK);APA_APAID
APK_AKTPROTID (PK);APK_AKTPROTID
APO_AGGKOPFID (PK);APO_AGGKOPFID
APO_AGGPOSNR (PK);APO_AGGPOSNR
APO_MCA_NAME (PK);APO_MCA_NAME
ASF_ASFID (PK);ASF_ASFID
ASJ_JOB_ID (PK);ASJ_JOB_ID
ATL_TABELLENNAME (PK);ATL_TABELLENNAME
ATL_FELDNAME (PK);ATL_FELDNAME
ATL_BMDGRUPPENID (PK);ATL_BMDGRUPPENID
ATZ_TABELLENNAME (PK);ATZ_TABELLENNAME
ATZ_ABFRAGEKZ (PK);ATZ_ABFRAGEKZ
ATZ_ABFRAGENR (PK);ATZ_ABFRAGENR
AUC_AUCID (PK);AUC_AUCID
BAT_BEMID (PK);BAT_BEMID
BAT_BATLFDNR (PK);BAT_BATLFDNR
BEG_BERECHTIGUNGSNR (PK);BEG_BERECHTIGUNGSNR
BEM_BEMID (PK);BEM_BEMID
BGR_BMDGRUPPENID (PK);BGR_BMDGRUPPENID
BGR_BERECHTTYP (PK);BGR_BERECHTTYP
BLB_BLOBLFDNR (PK);BLB_BLOBLFDNR
BLB_SPRACH_NR (PK);BLB_SPRACH_NR
BLC_SCHEMANAME (PK);BLC_SCHEMANAME
BLC_TABLENAME (PK);BLC_TABLENAME
BLC_LOCKKEY (PK);BLC_LOCKKEY
BLS_BLOBLFDNR (PK);BLS_BLOBLFDNR
BMA_ACCOUNTLFDNR (PK);BMA_ACCOUNTLFDNR
BMF_KATALOGNR (PK);BMF_KATALOGNR
BMG_BMDGRUPPENID (PK);BMG_BMDGRUPPENID
BMH_BMDUSERVALHISTID (PK);BMH_BMDUSERVALHISTID
BMK_EMAILKATNR (PK);BMK_EMAILKATNR
BMP_BMPID (PK);BMP_BMPID
BMR_BMDROLLENID (PK);BMR_BMDROLLENID
BMU_BMDUSERID (PK);BMU_BMDUSERID
BSA_BMDSESSIONARCHIVID (PK);BSA_BMDSESSIONARCHIVID
BSE_BMDSESSIONID (PK);BSE_BMDSESSIONID
BTF_TABELLENNAME (PK);BTF_TABELLENNAME
BTF_FELDNAME (PK);BTF_FELDNAME
BUZ_BMDUSERID (PK);BUZ_BMDUSERID
BUZ_BMDGRUPPENID (PK);BUZ_BMDGRUPPENID
BZP_BLOBPROTNR (PK);BZP_BLOBPROTNR
CAI_CADID (PK);CAI_CADID
CAI_KEY (PK);CAI_KEY
CDC_CACHEKEY (PK);CDC_CACHEKEY
CDC_CACHETYPE (PK);CDC_CACHETYPE
CLD_CLOUDID (PK);CLD_CLOUDID
CMZ_CMDZEILENNR (PK);CMZ_CMDZEILENNR
CSZ_CADID (PK);CSZ_CADID
CSZ_KEY (PK);CSZ_KEY
CSZ_BMDSESSIONID (PK);CSZ_BMDSESSIONID
DBVERS (PK);DBVERS
DBI_CLONEID (PK);DBI_CLONEID
DBI_SCHEMANAME (PK);DBI_SCHEMANAME
DBI_TABLENAME (PK);DBI_TABLENAME
DBI_FK_ID (PK);DBI_FK_ID
DBK_FIRMENNR (PK);DBK_FIRMENNR
DBK_BSTKZ (PK);DBK_BSTKZ
DBK_DR_FIRMENUNTERNR (PK);DBK_DR_FIRMENUNTERNR
DBN_CLONEID (PK);DBN_CLONEID
DIA_DIAGRAMMNR (PK);DIA_DIAGRAMMNR
DIG_DIAGRAMMGRPNR (PK);DIG_DIAGRAMMGRPNR
DIH_DIAGRAMMNR (PK);DIH_DIAGRAMMNR
DIH_INSTANZNR (PK);DIH_INSTANZNR
DII_DIAGRAMMNR (PK);DII_DIAGRAMMNR
DII_DIAGRAMMINSTANZNR (PK);DII_DIAGRAMMINSTANZNR
DII_AKTIONSNR (PK);DII_AKTIONSNR
DIX_DIAGRAMMNR (PK);DIX_DIAGRAMMNR
DIX_AKTIONSNR (PK);DIX_AKTIONSNR
DOG_DATAOWNERGRUPPENNR (PK);DOG_DATAOWNERGRUPPENNR
DOU_DATAOWNERGRUPPENNR (PK);DOU_DATAOWNERGRUPPENNR
DOV_VORSCHLAG_GUID (PK);DOV_VORSCHLAG_GUID
DOZ_DATAOWNERZUID (PK);DOZ_DATAOWNERZUID
DPD_DPOID (PK);DPD_DPOID
DPD_DPDID (PK);DPD_DPDID
DPO_DPOID (PK);DPO_DPOID
DQU_DATENQUELLNR (PK);DQU_DATENQUELLNR
DRB_FIRMENNR (PK);DRB_FIRMENNR
DRB_BSTKZ (PK);DRB_BSTKZ
DRB_DR_FIRMENUNTERNR (PK);DRB_DR_FIRMENUNTERNR
DRB_BSTNR (PK);DRB_BSTNR
DRS_DREINSTELLUNGSID (PK);DRS_DREINSTELLUNGSID
DRU_DRUCKERID (PK);DRU_DRUCKERID
DRZ_DRUCKERID (PK);DRZ_DRUCKERID
DRZ_BMDUSERID (PK);DRZ_BMDUSERID
DVP_PROTOCOL_ID (PK);DVP_PROTOCOL_ID
EAO_OPID (PK);EAO_OPID
EDN_EDNID (PK);EDN_EDNID
ENT_ENTID (PK);ENT_ENTID
EST_ESTID (PK);EST_ESTID
ETF_ETIKETTENID (PK);ETF_ETIKETTENID
FAR_FARBCODETABNR (PK);FAR_FARBCODETABNR
FAR_FARBCODENR (PK);FAR_FARBCODENR
FBF_FORMATNR (PK);FBF_FORMATNR
FBK_FELDBESCHNR (PK);FBK_FELDBESCHNR
FBP_FELDBESCHNR (PK);FBP_FELDBESCHNR
FBP_FELDPOSITIONSNR (PK);FBP_FELDPOSITIONSNR
FDK_FELDWERTENR (PK);FDK_FELDWERTENR
FDP_FELDWERTENR (PK);FDP_FELDWERTENR
FDP_FELDWERTEPOSCONSTID (PK);FDP_FELDWERTEPOSCONSTID
FEZ_HAUPTGRUPPE (PK);FEZ_HAUPTGRUPPE
FEZ_UNTERGRUPPE (PK);FEZ_UNTERGRUPPE
FEZ_TABELLENNAME (PK);FEZ_TABELLENNAME
FEZ_FELDNAME (PK);FEZ_FELDNAME
FFB_BMDGRUPPENID (PK);FFB_BMDGRUPPENID
FFB_FUNKTIONSNR (PK);FFB_FUNKTIONSNR
FFB_DFG_HAUPTGRUPPE (PK);FFB_DFG_HAUPTGRUPPE
FFB_DFG_UNTERGRUPPE (PK);FFB_DFG_UNTERGRUPPE
FFO_BMDGRUPPENID (PK);FFO_BMDGRUPPENID
FFO_FUNKTIONSNR (PK);FFO_FUNKTIONSNR
FFR_BMDGRUPPENID (PK);FFR_BMDGRUPPENID
FFR_FUNKTIONSNR (PK);FFR_FUNKTIONSNR
FFR_FIRMENNR (PK);FFR_FIRMENNR
FIP_FILTERID (PK);FIP_FILTERID
FNL_BMDCONSTID (PK);FNL_BMDCONSTID
FOR_FORMELNR (PK);FOR_FORMELNR
FOX_FORMELNR (PK);FOX_FORMELNR
FOX_FORMELTEXTLFDNR (PK);FOX_FORMELTEXTLFDNR
FUR_FUNKTIONSNR (PK);FUR_FUNKTIONSNR
FUR_BMDGRUPPENID (PK);FUR_BMDGRUPPENID
FVW_MCANAME (PK);FVW_MCANAME
FVW_VORGABEDBWERT (PK);FVW_VORGABEDBWERT
FVW_FIRMENNR (PK);FVW_FIRMENNR
GAS_GASID (PK);GAS_GASID
GWP_POANAME (PK);GWP_POANAME
HFV_HFVID (PK);HFV_HFVID
IEP_PROTOKOLLNR (PK);IEP_PROTOKOLLNR
IGZ_INTERVALLID (PK);IGZ_INTERVALLID
IGZ_INTERVALLGRPID (PK);IGZ_INTERVALLGRPID
INP_INTPARAMGRUPPE (PK);INP_INTPARAMGRUPPE
INP_INTPARAMNAME (PK);INP_INTPARAMNAME
INP_INTPARAMKEY (PK);INP_INTPARAMKEY
ITV_INTERVALLID (PK);ITV_INTERVALLID
IVG_INTERVALLGRPID (PK);IVG_INTERVALLGRPID
KUD_KURSDATEINR (PK);KUD_KURSDATEINR
KUS_KURSDATEINR (PK);KUS_KURSDATEINR
KUS_WAEHRUNGSCODE (PK);KUS_WAEHRUNGSCODE
KUS_KURSDATUM (PK);KUS_KURSDATUM
LAY_LAYID (PK);LAY_LAYID
LAY_BMDUSERID (PK);LAY_BMDUSERID
LAY_SUBCONTRIDS (PK);LAY_SUBCONTRIDS
LAY_PLATFORM (PK);LAY_PLATFORM
LDD_LIZDATEIDOWNLOADID (PK);LDD_LIZDATEIDOWNLOADID
LIZ_LIZENZLFDNR (PK);LIZ_LIZENZLFDNR
LZZ_LZZID (PK);LZZ_LZZID
MAK_FORMELNR (PK);MAK_FORMELNR
MAK_FUNKTIONSNR (PK);MAK_FUNKTIONSNR
MAK_STARTKZ (PK);MAK_STARTKZ
MBO_MBOID (PK);MBO_MBOID
NSC_SCANNERHOSTNAME (PK);NSC_SCANNERHOSTNAME
NSC_SCANNERTECHNAME (PK);NSC_SCANNERTECHNAME
NUB_NTCSUPDBEZIEHERID (PK);NUB_NTCSUPDBEZIEHERID
NUD_UPDONLDATEIID (PK);NUD_UPDONLDATEIID
NUI_NTCSUPDINSTALLATIONID (PK);NUI_NTCSUPDINSTALLATIONID
NUK_NTCSUPDPRODID (PK);NUK_NTCSUPDPRODID
NUO_NTCSUPDPRIOID (PK);NUO_NTCSUPDPRIOID
NUP_NTCSUPDATEID (PK);NUP_NTCSUPDATEID
NUT_NTCSUPDTRANSFERID (PK);NUT_NTCSUPDTRANSFERID
NUY_NTCSUPDTYPID (PK);NUY_NTCSUPDTYPID
OCT_OCTID (PK);OCT_OCTID
ODA_ONLDATEIID (PK);ODA_ONLDATEIID
ODT_ONLDATEITRANSFERID (PK);ODT_ONLDATEITRANSFERID
OTD_OCRID (PK);OTD_OCRID
OTD_OCRLFDNR (PK);OTD_OCRLFDNR
OTH_OCRID (PK);OTH_OCRID
OUB_BMDUSERID (PK);OUB_BMDUSERID
OUB_BARNAME (PK);OUB_BARNAME
OUB_BARSEITENNR (PK);OUB_BARSEITENNR
OUE_BMDUSERID (PK);OUE_BMDUSERID
OUE_BARNAME (PK);OUE_BARNAME
OUE_BARSEITENNR (PK);OUE_BARSEITENNR
OUE_BARELEMNR (PK);OUE_BARELEMNR
OUN_TBARNAME (PK);OUN_TBARNAME
OUN_TBARDETAIL (PK);OUN_TBARDETAIL
OUN_BMDUSERID (PK);OUN_BMDUSERID
OUW_WBARNAME (PK);OUW_WBARNAME
OUW_WBARDETAIL (PK);OUW_WBARDETAIL
OUW_BMDUSERID (PK);OUW_BMDUSERID
PANELNAME (PK);PANELNAME
PANELFILTERNR (PK);PANELFILTERNR
PANELUNTERNR (PK);PANELUNTERNR
PAW_PARAMGRUPPE (PK);PAW_PARAMGRUPPE
PAW_PARAMUNTERGRUPPE (PK);PAW_PARAMUNTERGRUPPE
PAW_PARAMNR (PK);PAW_PARAMNR
PAW_PARAMWERTLFDNR (PK);PAW_PARAMWERTLFDNR
PAW_PARAMWERTKEYEXT (PK);PAW_PARAMWERTKEYEXT
PFE_PFILTERNR (PK);PFE_PFILTERNR
PFE_PFILTERELEMNR (PK);PFE_PFILTERELEMNR
PFI_PFILTERNR (PK);PFI_PFILTERNR
PIT_POSTITNR (PK);PIT_POSTITNR
PKO_PROTLFDNR (PK);PKO_PROTLFDNR
POSTITNR (PK);POSTITNR
PTT_PTTID (PK);PTT_PTTID
PTX_PTXID (PK);PTX_PTXID
PVY_PVYID (PK);PVY_PVYID
QLF_LINKNR (PK);QLF_LINKNR
QLF_LINKFIELDNR (PK);QLF_LINKFIELDNR
QLK_LINKNR (PK);QLK_LINKNR
REC_RECLFDNR (PK);REC_RECLFDNR
REPORTNR (PK);REPORTNR
KATALOGNR (PK);KATALOGNR
VORLAGENNR (PK);VORLAGENNR
RGS_RKGID (PK);RGS_RKGID
RGS_REPLSTANDONR (PK);RGS_REPLSTANDONR
RGT_RKGID (PK);RGT_RKGID
RGT_DTAID (PK);RGT_DTAID
RGT_HAUPTTABELLE_DTAID (PK);RGT_HAUPTTABELLE_DTAID
RGZ_BMDROLLENID (PK);RGZ_BMDROLLENID
RGZ_BMDGRUPPENID (PK);RGZ_BMDGRUPPENID
RKA_REPLAENDID (PK);RKA_REPLAENDID
RKA_REPLSTANDONR (PK);RKA_REPLSTANDONR
RKE_RKEID (PK);RKE_RKEID
RKG_RKGID (PK);RKG_RKGID
RKS_REPLSTANDONR (PK);RKS_REPLSTANDONR
RKT_REPLTRANSFERID (PK);RKT_REPLTRANSFERID
RPF_KATALOGNR (PK);RPF_KATALOGNR
RPF_VORLAGENNR (PK);RPF_VORLAGENNR
RPT_REPORTNR (PK);RPT_REPORTNR
RPV_REPORTTYPNAME (PK);RPV_REPORTTYPNAME
RPV_BMDUSERID (PK);RPV_BMDUSERID
RPV_FIRMENNR (PK);RPV_FIRMENNR
RTI_BLOBLFDNR (PK);RTI_BLOBLFDNR
RTI_RTFINDEXLFDNR (PK);RTI_RTFINDEXLFDNR
RUZ_BMDROLLENID (PK);RUZ_BMDROLLENID
RUZ_BMDUSERID (PK);RUZ_BMDUSERID
SBF_BRIEFNR (PK);SBF_BRIEFNR
SBG_BRIEFGRUPPENNR (PK);SBG_BRIEFGRUPPENNR
SCH_SCHEDULEID (PK);SCH_SCHEDULEID
SEQ_SEQUENZID (PK);SEQ_SEQUENZID
SER_BMDSESSIONID (PK);SER_BMDSESSIONID
SER_SERLFDNR (PK);SER_SERLFDNR
SPC_SPCSPRACHNR (PK);SPC_SPCSPRACHNR
SPC_SPCWORT (PK);SPC_SPCWORT
SPC_BMDUSERID (PK);SPC_BMDUSERID
SPK_STAPELID (PK);SPK_STAPELID
SPL_STEMPELLFDNR (PK);SPL_STEMPELLFDNR
SPP_STAPELID (PK);SPP_STAPELID
SPP_LFDNR (PK);SPP_LFDNR
SPP_STAPELPARAMNAME (PK);SPP_STAPELPARAMNAME
SPT_STAPELID (PK);SPT_STAPELID
SPT_STAPELSCHRITTLFDNR (PK);SPT_STAPELSCHRITTLFDNR
SPX_STAPELID (PK);SPX_STAPELID
SPX_STAPELVARIABLELFDNR (PK);SPX_STAPELVARIABLELFDNR
SPZ_BMDSESSIONID (PK);SPZ_BMDSESSIONID
SPZ_BMDPAKETINFO (PK);SPZ_BMDPAKETINFO
SRE_STDREPORTNR (PK);SRE_STDREPORTNR
SYD_DRUCKERNAME (PK);SYD_DRUCKERNAME
SYK_SYSID (PK);SYK_SYSID
SYK_SYKID (PK);SYK_SYKID
SYN_SYNCDATAID (PK);SYN_SYNCDATAID
SYS_SYSID (PK);SYS_SYSID
DRUCKERNAME (PK);DRUCKERNAME
TAS_TASSEQID (PK);TAS_TASSEQID
TAS_TASSEQID (PK);TAS_TASSEQID
TBE_TEMPBERECHTID (PK);TBE_TEMPBERECHTID
TCA_TCAID (PK);TCA_TCAID
TCA_VERSIONSNR (PK);TCA_VERSIONSNR
TCD_TCKNAME (PK);TCD_TCKNAME
TCD_VERSIONSNR (PK);TCD_VERSIONSNR
TCK_TCKNAME (PK);TCK_TCKNAME
TCN_VERSIONSNR (PK);TCN_VERSIONSNR
TCT_TCTID (PK);TCT_TCTID
TCV_TCTID (PK);TCV_TCTID
TCV_VERSIONSNR (PK);TCV_VERSIONSNR
UES_SPRACHNR (PK);UES_SPRACHNR
UES_FELD (PK);UES_FELD
UES_KEY1 (PK);UES_KEY1
UES_KEY2 (PK);UES_KEY2
UES_KEY3 (PK);UES_KEY3
ULF_LINKGUID (PK);ULF_LINKGUID
ULF_BMDCONSTNAME (PK);ULF_BMDCONSTNAME
ULK_LINKGUID (PK);ULK_LINKGUID
UMA_FUNKTIONSNR (PK);UMA_FUNKTIONSNR
UMA_BMDUSERID (PK);UMA_BMDUSERID
UTH_BAUMID (PK);UTH_BAUMID
UTP_BAUMID (PK);UTP_BAUMID
UTP_OBJPOSID (PK);UTP_OBJPOSID
UTU_HAUPTGRUPPE (PK);UTU_HAUPTGRUPPE
UTU_UNTERGRUPPE (PK);UTU_UNTERGRUPPE
UTU_TABELLENNAME (PK);UTU_TABELLENNAME
VPF_VPFADNR (PK);VPF_VPFADNR
VPU_VPFADNR (PK);VPU_VPFADNR
VPU_DBUSER (PK);VPU_DBUSER
WAE_WAEHRUNGSCODE (PK);WAE_WAEHRUNGSCODE
WCA_WAAUSDRUCKNR (PK);WCA_WAAUSDRUCKNR
WCD_WAPARAMDEFNR (PK);WCD_WAPARAMDEFNR
WCE_WABAUMELEMNR (PK);WCE_WABAUMELEMNR
WCF_WABAUMELEMNR (PK);WCF_WABAUMELEMNR
WCF_WAAUSDRUCKNR (PK);WCF_WAAUSDRUCKNR
WCP_WAPARAMNR (PK);WCP_WAPARAMNR
WCU_WAAUSDRUCKNR (PK);WCU_WAAUSDRUCKNR
WCU_BMDCOMUSERID (PK);WCU_BMDCOMUSERID
WCV_WAPARAMDEFNR (PK);WCV_WAPARAMDEFNR
WCV_WAPARAMDEFVALNR (PK);WCV_WAPARAMDEFVALNR
WCW_WAPARAMNR (PK);WCW_WAPARAMNR
WCW_WAPARAMLFDNR (PK);WCW_WAPARAMLFDNR
WCZ_WAAUSDRUCKNR (PK);WCZ_WAAUSDRUCKNR
WCZ_WAPARAMNR (PK);WCZ_WAPARAMNR
WQC_WIIID (PK);WQC_WIIID
WQU_WIIID (PK);WQU_WIIID
WQU_USERID (PK);WQU_USERID
ZDK_ZEILENDEFKOPFID (PK);ZDK_ZEILENDEFKOPFID
ZED_ZEILENDEFKOPFID (PK);ZED_ZEILENDEFKOPFID
ZED_BANDID (PK);ZED_BANDID
ZED_SPALTENTYP (PK);ZED_SPALTENTYP
ZID_ZEILENDEFKOPFID (PK);ZID_ZEILENDEFKOPFID
ZID_BANDID (PK);ZID_BANDID
ZTU_ZEITZONENR (PK);ZTU_ZEITZONENR
ZTU_ZTULFDNR (PK);ZTU_ZTULFDNR
ZTZ_ZEITZONENR (PK);ZTZ_ZEITZONENR
ALI_HAUPTGRUPPE (PK);ALI_HAUPTGRUPPE
ALI_UNTERGRUPPE (PK);ALI_UNTERGRUPPE
ALI_BMDCONSTNAME (PK);ALI_BMDCONSTNAME
ALI_NTCSARTIKELNR (PK);ALI_NTCSARTIKELNR
CAD_CADID (PK);CAD_CADID
CMD_CMDID (PK);CMD_CMDID
CPZ_CMDID (PK);CPZ_CMDID
CPZ_FUNKTIONSNR (PK);CPZ_FUNKTIONSNR
CSS_CSSID (PK);CSS_CSSID
CTZ_CADID (PK);CTZ_CADID
CTZ_TABELLENNAME (PK);CTZ_TABELLENNAME
DAC_BMDCONSTNAME_CLONE (PK);DAC_BMDCONSTNAME_CLONE
DAK_ATTRKATLFDNR (PK);DAK_ATTRKATLFDNR
DAL_TABELLENNAME (PK);DAL_TABELLENNAME
DAL_FELDNAME (PK);DAL_FELDNAME
DAL_BMDGRUPPENID (PK);DAL_BMDGRUPPENID
DAP_WAPARAMNR (PK);DAP_WAPARAMNR
DBVERS (PK);DBVERS
DBD_FELD_NAME (PK);DBD_FELD_NAME
DBE_BERECHTIGUNGSNR (PK);DBE_BERECHTIGUNGSNR
BERECHTPAKETNR (PK);BERECHTPAKETNR
DBG_BMDGRUPPENID (PK);DBG_BMDGRUPPENID
KATALOGNR (PK);KATALOGNR
DBP_BERECHTPAKETNR (PK);DBP_BERECHTPAKETNR
DBT_TABELLENNAME (PK);DBT_TABELLENNAME
DBT_FELDNAME (PK);DBT_FELDNAME
DBZ_BMDUSERID (PK);DBZ_BMDUSERID
DBZ_BMDGRUPPENID (PK);DBZ_BMDGRUPPENID
DCA_WAAUSDRUCKNR (PK);DCA_WAAUSDRUCKNR
DCA_ABVERSIONSNR (PK);DCA_ABVERSIONSNR
DCC_DCCSCHEMANAME (PK);DCC_DCCSCHEMANAME
DCC_DCCTABELLENNAME (PK);DCC_DCCTABELLENNAME
DCC_DCCFELDNAME (PK);DCC_DCCFELDNAME
DCD_WAPARAMDEFNR (PK);DCD_WAPARAMDEFNR
DCE_WABAUMELEMNR (PK);DCE_WABAUMELEMNR
DCF_WABAUMELEMNR (PK);DCF_WABAUMELEMNR
DCF_WAAUSDRUCKNR (PK);DCF_WAAUSDRUCKNR
DCF_ABVERSIONSNR (PK);DCF_ABVERSIONSNR
DCI_INDEX_OWNER (PK);DCI_INDEX_OWNER
DCI_INDEX_NAME (PK);DCI_INDEX_NAME
DCI_COLUMN_POSITION (PK);DCI_COLUMN_POSITION
DCP_CONSTRAINTNAME (PK);DCP_CONSTRAINTNAME
DCP_JOINPOSITION (PK);DCP_JOINPOSITION
DCV_WAPARAMDEFNR (PK);DCV_WAPARAMDEFNR
DCV_WAPARAMDEFVALNR (PK);DCV_WAPARAMDEFVALNR
DCZ_WAAUSDRUCKNR (PK);DCZ_WAAUSDRUCKNR
DCZ_ABVERSIONSNR (PK);DCZ_ABVERSIONSNR
DCZ_WAPARAMNR (PK);DCZ_WAPARAMNR
DFB_FELDBESCHNR (PK);DFB_FELDBESCHNR
DFE_FELDBESCHNR (PK);DFE_FELDBESCHNR
DFE_FELDPOSITIONSNR (PK);DFE_FELDPOSITIONSNR
DFF_FORMATNR (PK);DFF_FORMATNR
DFG_HAUPTGRUPPE (PK);DFG_HAUPTGRUPPE
DFG_UNTERGRUPPE (PK);DFG_UNTERGRUPPE
DFK_KATALOGNR (PK);DFK_KATALOGNR
DFL_HAUPT_FUNKTIONSNR (PK);DFL_HAUPT_FUNKTIONSNR
DFL_LINK_FUNKTIONSNR (PK);DFL_LINK_FUNKTIONSNR
DFP_PAKETNR (PK);DFP_PAKETNR
DFP_FUNKTIONSNR (PK);DFP_FUNKTIONSNR
DFP_DPA_PAKETNR (PK);DFP_DPA_PAKETNR
DFU_FUNKTIONSNR (PK);DFU_FUNKTIONSNR
DFZ_TABELLENNAME (PK);DFZ_TABELLENNAME
DFZ_HAUPTGRUPPE (PK);DFZ_HAUPTGRUPPE
DFZ_UNTERGRUPPE (PK);DFZ_UNTERGRUPPE
DFZ_FELDNAME (PK);DFZ_FELDNAME
DIK_INR_FELD (PK);DIK_INR_FELD
DLF_LINKNR (PK);DLF_LINKNR
DLF_LINKFIELDNR (PK);DLF_LINKFIELDNR
DLG_DLGID (PK);DLG_DLGID
DLK_LINKNR (PK);DLK_LINKNR
DOD_OCRID (PK);DOD_OCRID
DOD_OCRLFDNR (PK);DOD_OCRLFDNR
DOH_OCRID (PK);DOH_OCRID
DPA_PAKETNR (PK);DPA_PAKETNR
DPF_FUNKTIONSNR (PK);DPF_FUNKTIONSNR
DPF_FUNKPARAMNR (PK);DPF_FUNKPARAMNR
DPK_PERSNR_FELD (PK);DPK_PERSNR_FELD
DPM_FUNKPARAMNR (PK);DPM_FUNKPARAMNR
KATALOGNR (PK);KATALOGNR
VORLAGENNR (PK);VORLAGENNR
REPORTTYPNAME (PK);REPORTTYPNAME
BMDUSERID (PK);BMDUSERID
FIRMENNR (PK);FIRMENNR
DRF_KATALOGNR (PK);DRF_KATALOGNR
DRF_VORLAGENNR (PK);DRF_VORLAGENNR
DRK_RKGID (PK);DRK_RKGID
DRT_RKGID (PK);DRT_RKGID
DRT_DTAID (PK);DRT_DTAID
DRT_HAUPTTABELLE_DTAID (PK);DRT_HAUPTTABELLE_DTAID
DRV_REPORTTYPNAME (PK);DRV_REPORTTYPNAME
DRV_BMDUSERID (PK);DRV_BMDUSERID
DRV_FIRMENNR (PK);DRV_FIRMENNR
DTA_TABELLENNAME (PK);DTA_TABELLENNAME
DTH_BAUMID (PK);DTH_BAUMID
DTP_BAUMID (PK);DTP_BAUMID
DTP_OBJPOSID (PK);DTP_OBJPOSID
DTU_HAUPTGRUPPE (PK);DTU_HAUPTGRUPPE
DTU_UNTERGRUPPE (PK);DTU_UNTERGRUPPE
DTU_TABELLENNAME (PK);DTU_TABELLENNAME
DUF_LINKGUID (PK);DUF_LINKGUID
DUF_BMDCONSTNAME (PK);DUF_BMDCONSTNAME
DUK_LINKGUID (PK);DUK_LINKGUID
DVE_VERSIONSNR (PK);DVE_VERSIONSNR
DWA_DWATITEL (PK);DWA_DWATITEL
DWA_DWAID (PK);DWA_DWAID
ETD_ETIKETTENID (PK);ETD_ETIKETTENID
GSW_GESETZWERTNR (PK);GSW_GESETZWERTNR
GSW_GESETZWERTABDATUM (PK);GSW_GESETZWERTABDATUM
LFZ_DLGID (PK);LFZ_DLGID
LFZ_NTCSARTIKELNR (PK);LFZ_NTCSARTIKELNR
PAA_PARAMETERDEFNR (PK);PAA_PARAMETERDEFNR
PAA_PARAMAUSPRAEGUNGSNR (PK);PAA_PARAMAUSPRAEGUNGSNR
PAD_PARAMETERDEFNR (PK);PAD_PARAMETERDEFNR
PAG_PARAMGRUPPE (PK);PAG_PARAMGRUPPE
PAR_PARAMGRUPPE (PK);PAR_PARAMGRUPPE
PAR_PARAMUNTERGRUPPE (PK);PAR_PARAMUNTERGRUPPE
PAR_PARAMNR (PK);PAR_PARAMNR
PAU_PARAMGRUPPE (PK);PAU_PARAMGRUPPE
PAU_PARAMUNTERGRUPPE (PK);PAU_PARAMUNTERGRUPPE
PAZ_PARAMGRUPPE (PK);PAZ_PARAMGRUPPE
PAZ_PAKETNR (PK);PAZ_PAKETNR
PDW_PARAMGRUPPE (PK);PDW_PARAMGRUPPE
PDW_PARAMUNTERGRUPPE (PK);PDW_PARAMUNTERGRUPPE
PDW_PARAMNR (PK);PDW_PARAMNR
PDW_PARAMWERTLFDNR (PK);PDW_PARAMWERTLFDNR
PDW_PARAMWERTKEYEXT (PK);PDW_PARAMWERTKEYEXT
PKG_PROTOKOLLGRP (PK);PKG_PROTOKOLLGRP
UPK_SCRNR (PK);UPK_SCRNR
UPN_SCRNR (PK);UPN_SCRNR
UPN_NLSID (PK);UPN_NLSID
WQF_WIIID (PK);WQF_WIIID
WQF_FUNKTIONSNR (PK);WQF_FUNKTIONSNR
WQI_WIIID (PK);WQI_WIIID
WQL_WIIID (PK);WQL_WIIID
WQL_NLSID (PK);WQL_NLSID
WQV_WIIID (PK);WQV_WIIID
WQV_VERSIONSNR (PK);WQV_VERSIONSNR
AXT_AXTID (PK);AXT_AXTID
AXZ_AXZID (PK);AXZ_AXZID
BLZ_PACKAGEID (PK);BLZ_PACKAGEID
BLZ_BLZLFDNR (PK);BLZ_BLZLFDNR
BPL_BPLID (PK);BPL_BPLID
BTE_TABELLENNAME (PK);BTE_TABELLENNAME
BTE_FELDNAME (PK);BTE_FELDNAME
FRX_FRAMEID (PK);FRX_FRAMEID
FUNKTIONSNR (PK);FUNKTIONSNR
HKP_HILFEKAPITELID (PK);HKP_HILFEKAPITELID
HKT_HILFEKAPITELID (PK);HKT_HILFEKAPITELID
HKT_HILFETBID (PK);HKT_HILFETBID
HLB_HLBID (PK);HLB_HLBID
HLD_HLDID (PK);HLD_HLDID
HLF_HLFID (PK);HLF_HLFID
HLZ_HLDID (PK);HLZ_HLDID
HLZ_HLBID (PK);HLZ_HLBID
HTB_HILFETBID (PK);HTB_HILFETBID
IFC_INTFARBCODENUMMER (PK);IFC_INTFARBCODENUMMER
LNG_GROUP_ID (PK);LNG_GROUP_ID
LNG_FIELD_ID (PK);LNG_FIELD_ID
LPF_LIZENZZULFDNR (PK);LPF_LIZENZZULFDNR
MLX_MLXID (PK);MLX_MLXID
MSG_PACKAGE (PK);MSG_PACKAGE
MSG_MSGLFDNR (PK);MSG_MSGLFDNR
NLS_GROUP_ID (PK);NLS_GROUP_ID
NLS_FIELD_ID (PK);NLS_FIELD_ID
NTC_NTCSARTIKELNR (PK);NTC_NTCSARTIKELNR
SCB_SCRNR (PK);SCB_SCRNR
SCB_FIRMENNR (PK);SCB_FIRMENNR
SCB_PERSONENID (PK);SCB_PERSONENID
SCC_REVISIONSNR_SVN (PK);SCC_REVISIONSNR_SVN
SCC_FILELFDNR (PK);SCC_FILELFDNR
SCC_FILEFULLNAME_SVN (PK);SCC_FILEFULLNAME_SVN
SCC_SVNREPOKZ (PK);SCC_SVNREPOKZ
SCD_SCRNR (PK);SCD_SCRNR
SCD_MASTERSCRNR (PK);SCD_MASTERSCRNR
SCF_SCRNR (PK);SCF_SCRNR
SCF_SCRFILELFDNR (PK);SCF_SCRFILELFDNR
SCJ_SCRNR (PK);SCJ_SCRNR
SCJ_FIRMENNR (PK);SCJ_FIRMENNR
SCJ_PROJEKTNR (PK);SCJ_PROJEKTNR
SCJ_PROJEKTTYP (PK);SCJ_PROJEKTTYP
SCM_SCRNR (PK);SCM_SCRNR
SCN_SCRNR (PK);SCN_SCRNR
SCN_SCRNOTIZLFDNR (PK);SCN_SCRNOTIZLFDNR
SCP_SCRNR (PK);SCP_SCRNR
SCP_SCRPROTLFDNR (PK);SCP_SCRPROTLFDNR
SCR_SCRREGELID (PK);SCR_SCRREGELID
SCT_SCRNR (PK);SCT_SCRNR
SCT_BMDUSERID (PK);SCT_BMDUSERID
SCV_REVISIONSNR_SVN (PK);SCV_REVISIONSNR_SVN
SCV_SVNREPOKZ (PK);SCV_SVNREPOKZ
SCY_SCRNR_ABHAENGIG (PK);SCY_SCRNR_ABHAENGIG
SCY_SCRNR_UEBEL (PK);SCY_SCRNR_UEBEL
SCY_SCYKIND (PK);SCY_SCYKIND
SDT_SDTID (PK);SDT_SDTID
SPF_SPFID (PK);SPF_SPFID
SPG_PGMNR (PK);SPG_PGMNR
SPU_SCRNR (PK);SPU_SCRNR
SPU_PGMNR (PK);SPU_PGMNR
TABELLENNAME (PK);TABELLENNAME
FELDNAME (PK);FELDNAME
TAZ_SCRNR (PK);TAZ_SCRNR
TAZ_AUG_AUFGABENNR (PK);TAZ_AUG_AUFGABENNR
TBT_SCRNR (PK);TBT_SCRNR
TBT_KATEGORIEKZ (PK);TBT_KATEGORIEKZ
TBT_KATEGORIELFDNR (PK);TBT_KATEGORIELFDNR
TIZ_SCRNR (PK);TIZ_SCRNR
TIZ_PCK_PPSKAPAID (PK);TIZ_PCK_PPSKAPAID
TKT_SCRNR (PK);TKT_SCRNR
TKT_BEREICHKZ (PK);TKT_BEREICHKZ
TKT_BEREICHLFDNR (PK);TKT_BEREICHLFDNR
TKZ_SCRNR (PK);TKZ_SCRNR
TKZ_TPR_FIRMENNR (PK);TKZ_TPR_FIRMENNR
TKZ_TPR_TELPROTLFDNR (PK);TKZ_TPR_TELPROTLFDNR
UAZ_LINKNR (PK);UAZ_LINKNR
UAZ_HAUPTGRUPPE (PK);UAZ_HAUPTGRUPPE
UAZ_UNTERGRUPPE (PK);UAZ_UNTERGRUPPE
UPH_SCRNR (PK);UPH_SCRNR
UPL_SCRNR (PK);UPL_SCRNR
UPL_NLSID (PK);UPL_NLSID
VEV_VEV_VERSIONSNR (PK);VEV_VEV_VERSIONSNR
WIF_WIIID (PK);WIF_WIIID
WIF_FUNKTIONSNR (PK);WIF_FUNKTIONSNR
WII_WIIID (PK);WII_WIIID
WIL_WIIID (PK);WIL_WIIID
WIL_NLSID (PK);WIL_NLSID
XFB_TABELLENNAME (PK);XFB_TABELLENNAME
XFB_HAUPTGRUPPE (PK);XFB_HAUPTGRUPPE
XFB_UNTERGRUPPE (PK);XFB_UNTERGRUPPE
XFB_FELDNAME (PK);XFB_FELDNAME
API_FIRMENNR (PK);API_FIRMENNR
API_KLID (PK);API_KLID
APP_FIRMENNR (PK);APP_FIRMENNR
APP_KLID (PK);APP_KLID
CIL_CILSEQID (PK);CIL_CILSEQID
LHP_LHPID (PK);LHP_LHPID
LKP_LVKID (PK);LKP_LVKID
LKP_PER_FIRMENNR (PK);LKP_PER_FIRMENNR
LKP_PER_PERSONENID (PK);LKP_PER_PERSONENID
LVK_LVKID (PK);LVK_LVKID
LVZ_LVKID (PK);LVZ_LVKID
LVZ_FIRMENNR (PK);LVZ_FIRMENNR
LVZ_ARTIKELNR (PK);LVZ_ARTIKELNR
MFL_FIRMENNR (PK);MFL_FIRMENNR
MFL_KLID (PK);MFL_KLID
MFL_MFLIZLFDNR (PK);MFL_MFLIZLFDNR
PAE_PAINR (PK);PAE_PAINR
PAE_PAENR (PK);PAE_PAENR
PAI_PAINR (PK);PAI_PAINR
UAN_ANFORDERUNGSTEXTNR (PK);UAN_ANFORDERUNGSTEXTNR
UBE_UBESTELLNR (PK);UBE_UBESTELLNR
ULE_LEBENSLAUFNR (PK);ULE_LEBENSLAUFNR
USP_SPERRNR (PK);USP_SPERRNR
BWX_BWXLFDNR (PK);BWX_BWXLFDNR
AAA_ABLAUFART (PK);AAA_ABLAUFART
AAS_AASID (PK);AAS_AASID
ABK_FIRMENNR (PK);ABK_FIRMENNR
ABK_ABKOPFLFDNR (PK);ABK_ABKOPFLFDNR
ABL_ABLID (PK);ABL_ABLID
ABW_AUFGABENNR (PK);ABW_AUFGABENNR
ABW_BEWERBID (PK);ABW_BEWERBID
ABZ_FIRMENNR (PK);ABZ_FIRMENNR
ABZ_ABKOPFLFDNR (PK);ABZ_ABKOPFLFDNR
ABZ_ABKOPFZULFDNR (PK);ABZ_ABKOPFZULFDNR
ADA_ADRESSARTNR (PK);ADA_ADRESSARTNR
ADD_FIRMENNR (PK);ADD_FIRMENNR
ADD_AUSDRUCKMODELLNR (PK);ADD_AUSDRUCKMODELLNR
ADD_AUSDRUCKMODELLFDNR (PK);ADD_AUSDRUCKMODELLFDNR
ADK_FIRMENNR (PK);ADK_FIRMENNR
ADK_ADRLISTENNR (PK);ADK_ADRLISTENNR
ADL_LANDNR (PK);ADL_LANDNR
ADL_ADLNR (PK);ADL_ADLNR
ADO_FIRMENNR (PK);ADO_FIRMENNR
ADO_AUSDRUCKMODELLNR (PK);ADO_AUSDRUCKMODELLNR
ADR_ADRESSLFDNR (PK);ADR_ADRESSLFDNR
AEE_AEEID (PK);AEE_AEEID
AEN_AENDERUNGCRMID (PK);AEN_AENDERUNGCRMID
AEZ_AUFGABENNR (PK);AEZ_AUFGABENNR
AEZ_EMAILLFDNR (PK);AEZ_EMAILLFDNR
AFS_AUFGABENSTATUSNR (PK);AFS_AUFGABENSTATUSNR
AGA_ABGABENARTID (PK);AGA_ABGABENARTID
AGR_FIRMENNR (PK);AGR_FIRMENNR
AGR_ABRECHNUNGSGRPNR (PK);AGR_ABRECHNUNGSGRPNR
AIN_AINZUID (PK);AIN_AINZUID
AKA_FIRMENNR (PK);AKA_FIRMENNR
AKA_KOSTENARTNR (PK);AKA_KOSTENARTNR
AKK_AKKID (PK);AKK_AKKID
AKR_AKRID (PK);AKR_AKRID
AKS_AKKID (PK);AKS_AKKID
AKS_AKSNR (PK);AKS_AKSNR
ALE_FIRMENNR (PK);ALE_FIRMENNR
ALE_ADRLISTENNR (PK);ALE_ADRLISTENNR
ALE_ADRLISTENLFDNR (PK);ALE_ADRLISTENLFDNR
AMG_ABMELDEGRUNDNR (PK);AMG_ABMELDEGRUNDNR
AMP_AMPID (PK);AMP_AMPID
AMZ_FIRMENNR (PK);AMZ_FIRMENNR
AMZ_AUSDRUCKMODELLZULFDNR (PK);AMZ_AUSDRUCKMODELLZULFDNR
ANH_FIRMENNR (PK);ANH_FIRMENNR
ANH_ANGEHOERIGENID (PK);ANH_ANGEHOERIGENID
ANH_ANGEHOERIGERUNTERNR (PK);ANH_ANGEHOERIGERUNTERNR
ANR_ANREDENR (PK);ANR_ANREDENR
ANT_ANTWORTID (PK);ANT_ANTWORTID
APR_PROTOKOLLID (PK);APR_PROTOKOLLID
ARG_FIRMENNR (PK);ARG_FIRMENNR
ARG_ARGNR (PK);ARG_ARGNR
ARM_ARMID (PK);ARM_ARMID
ARP_ARPID (PK);ARP_ARPID
ASH_AUSWEISHISTID (PK);ASH_AUSWEISHISTID
ASM_AVSTAMMMERKID (PK);ASM_AVSTAMMMERKID
ASR_FIRMENNR (PK);ASR_FIRMENNR
ASR_AUSSCHREIBUNGSNR (PK);ASR_AUSSCHREIBUNGSNR
ASW_FIRMENNR (PK);ASW_FIRMENNR
ASW_AUSWEISNR (PK);ASW_AUSWEISNR
ASZ_AUSSCHRFILZUID (PK);ASZ_AUSSCHRFILZUID
ATE_FIRMENNR (PK);ATE_FIRMENNR
ATE_ABTEILUNGSNR (PK);ATE_ABTEILUNGSNR
ATF_ATE_FIRMENNR (PK);ATF_ATE_FIRMENNR
ATF_ABTEILUNGSNR (PK);ATF_ABTEILUNGSNR
ATF_FIRMENNR (PK);ATF_FIRMENNR
AUD_AUFGABENNR (PK);AUD_AUFGABENNR
AUD_ARCHIVNR (PK);AUD_ARCHIVNR
AUD_DOKUMENTENNR (PK);AUD_DOKUMENTENNR
AUG_AUFGABENNR (PK);AUG_AUFGABENNR
AUW_KRITERIENNR (PK);AUW_KRITERIENNR
AUW_AUSWAHLNR (PK);AUW_AUSWAHLNR
AVB_FIRMENNR (PK);AVB_FIRMENNR
AVB_KORENR (PK);AVB_KORENR
AVB_BUDGETNR (PK);AVB_BUDGETNR
AVD_AVDID (PK);AVD_AVDID
AVH_AVHID (PK);AVH_AVHID
AVK_AVKSEQID (PK);AVK_AVKSEQID
AVR_AVRID (PK);AVR_AVRID
AVS_FIRMENNR (PK);AVS_FIRMENNR
AVS_STATUSTYP (PK);AVS_STATUSTYP
AVS_STATUSNR (PK);AVS_STATUSNR
AVT_AVTID (PK);AVT_AVTID
AVW_AVWID (PK);AVW_AVWID
AWD_ANTWORTID (PK);AWD_ANTWORTID
AWD_ANTWDETAILLFDNR (PK);AWD_ANTWDETAILLFDNR
AWR_AWRKATID (PK);AWR_AWRKATID
AZB_FIRMENNR (PK);AZB_FIRMENNR
AZB_AMODELLNR (PK);AZB_AMODELLNR
AZD_FIRMENNR (PK);AZD_FIRMENNR
AZD_AMODELLNR (PK);AZD_AMODELLNR
AZD_AMODELLTAG (PK);AZD_AMODELLTAG
AZD_AMODELLDETAILNR (PK);AZD_AMODELLDETAILNR
AZD_AMODELLVERSION (PK);AZD_AMODELLVERSION
AZG_ABZUGID (PK);AZG_ABZUGID
AZM_FIRMENNR (PK);AZM_FIRMENNR
AZM_AMODELLNR (PK);AZM_AMODELLNR
AZM_AMODELLTAG (PK);AZM_AMODELLTAG
AZM_AMODELLVERSION (PK);AZM_AMODELLVERSION
AZN_MIT_FIRMENNR (PK);AZN_MIT_FIRMENNR
AZN_MITARBEITERID (PK);AZN_MITARBEITERID
AZN_ZUGEHOERIGKEIT_DATUM (PK);AZN_ZUGEHOERIGKEIT_DATUM
AZR_FIRMENNR (PK);AZR_FIRMENNR
AZR_ABRECHNUNGSGRPNR (PK);AZR_ABRECHNUNGSGRPNR
AZR_VON_DATUM (PK);AZR_VON_DATUM
AZV_FIRMENNR (PK);AZV_FIRMENNR
AZV_AMODELLNR (PK);AZV_AMODELLNR
AZV_AMODELLVERSION (PK);AZV_AMODELLVERSION
BAI_BANKINSTLFDNR (PK);BAI_BANKINSTLFDNR
BAK_LANDNR (PK);BAK_LANDNR
BAK_BANKLEITZAHL (PK);BAK_BANKLEITZAHL
BAK_BANKNR (PK);BAK_BANKNR
BAU_BAUMID (PK);BAU_BAUMID
BCG_BMDCOMUSERGRUPPENZUID (PK);BCG_BMDCOMUSERGRUPPENZUID
BCT_BLOBLFDNR (PK);BCT_BLOBLFDNR
BCU_BMDCOMUSERID (PK);BCU_BMDCOMUSERID
BDL_BUERODELID (PK);BDL_BUERODELID
BDZ_BEWERBDOKZUID (PK);BDZ_BEWERBDOKZUID
BEF_BEFRAGUNGSNR (PK);BEF_BEFRAGUNGSNR
BEI_FAHRTENBUCHID (PK);BEI_FAHRTENBUCHID
BEI_PER_FIRMENNR (PK);BEI_PER_FIRMENNR
BEI_PER_PERSONENID (PK);BEI_PER_PERSONENID
BEK_BERECHTKATEGORIENR (PK);BEK_BERECHTKATEGORIENR
BER_BERUFSNR (PK);BER_BERUFSNR
BES_BEWSTATUSNR (PK);BES_BEWSTATUSNR
BET_BETRIEBSMITTELID (PK);BET_BETRIEBSMITTELID
BEW_FIRMENNR (PK);BEW_FIRMENNR
BEW_BEWMODELLNR (PK);BEW_BEWMODELLNR
BFT_BERUFSTITELLFDNR (PK);BFT_BERUFSTITELLFDNR
BIN_AIN_AINZUID (PK);BIN_AIN_AINZUID
BIN_PER_FIRMENNR (PK);BIN_PER_FIRMENNR
BIN_PER_PERSONENID (PK);BIN_PER_PERSONENID
BKM_BETRIEBSKALID (PK);BKM_BETRIEBSKALID
BKM_MIT_FIRMENNR (PK);BKM_MIT_FIRMENNR
BKM_MITARBEITERID (PK);BKM_MITARBEITERID
BKT_FIRMENNR (PK);BKT_FIRMENNR
BKT_PERSONENID (PK);BKT_PERSONENID
BKT_TN_ID (PK);BKT_TN_ID
BKU_KRITERIENNR (PK);BKU_KRITERIENNR
BKU_BEFRAGUNGSNR (PK);BKU_BEFRAGUNGSNR
BLD_LANDNR (PK);BLD_LANDNR
BLD_BUNDESLANDLFDNR (PK);BLD_BUNDESLANDLFDNR
BLF_PMD_FIRMENNR (PK);BLF_PMD_FIRMENNR
BLF_PAUSENMODELLNR (PK);BLF_PAUSENMODELLNR
BLF_ZBA_FIRMENNR1 (PK);BLF_ZBA_FIRMENNR1
BLF_ZBUCHARTNR1 (PK);BLF_ZBUCHARTNR1
BLF_ZBA_FIRMENNR2 (PK);BLF_ZBA_FIRMENNR2
BLF_ZBUCHARTNR2 (PK);BLF_ZBUCHARTNR2
BLG_BEZARTLISTID (PK);BLG_BEZARTLISTID
BPO_BPOID (PK);BPO_BPOID
BPT_BSGID (PK);BPT_BSGID
BPT_BLOBLFDNR (PK);BPT_BLOBLFDNR
BRA_LANDNR (PK);BRA_LANDNR
BRA_BRANCHENNR (PK);BRA_BRANCHENNR
BRB_BUEROBERECHTNR (PK);BRB_BUEROBERECHTNR
BRC_BEREICHKZ (PK);BRC_BEREICHKZ
BRC_BEREICHLFDNR (PK);BRC_BEREICHLFDNR
BRG_FIRMENNR (PK);BRG_FIRMENNR
BRG_BRGGRUPPENNR (PK);BRG_BRGGRUPPENNR
BRM_BUEROMAKROID (PK);BRM_BUEROMAKROID
BRT_BERICHTNR (PK);BRT_BERICHTNR
BRZ_BUEROBERECHTNR (PK);BRZ_BUEROBERECHTNR
BRZ_MIT_FIRMENNR (PK);BRZ_MIT_FIRMENNR
BRZ_MIT_MITARBEITERID (PK);BRZ_MIT_MITARBEITERID
BSG_BSGID (PK);BSG_BSGID
BST_FIRMENNR (PK);BST_FIRMENNR
BST_DATUM (PK);BST_DATUM
BSZ_VONBSGID (PK);BSZ_VONBSGID
BSZ_AUFBSGID (PK);BSZ_AUFBSGID
BTD_BTH_FIRMENNR (PK);BTD_BTH_FIRMENNR
BTD_TERMINALHERSTELLER (PK);BTD_TERMINALHERSTELLER
BTD_FIRMENNR (PK);BTD_FIRMENNR
BTD_BUCHCODE (PK);BTD_BUCHCODE
BTD_SATZARTDETLFDNR (PK);BTD_SATZARTDETLFDNR
BTG_BEWTAGID (PK);BTG_BEWTAGID
BTH_FIRMENNR (PK);BTH_FIRMENNR
BTH_TERMINALHERSTELLER (PK);BTH_TERMINALHERSTELLER
BTM_FIRMENNR (PK);BTM_FIRMENNR
BTM_TERMINALNR (PK);BTM_TERMINALNR
BTR_BETREFFKZ (PK);BTR_BETREFFKZ
BTR_BETREFFLFDNR (PK);BTR_BETREFFLFDNR
BTS_BTH_FIRMENNR (PK);BTS_BTH_FIRMENNR
BTS_TERMINALHERSTELLER (PK);BTS_TERMINALHERSTELLER
BTS_FIRMENNR (PK);BTS_FIRMENNR
BTS_BUCHCODE (PK);BTS_BUCHCODE
BTZ_BTM_FIRMENNR (PK);BTZ_BTM_FIRMENNR
BTZ_BTM_TERMINALNR (PK);BTZ_BTM_TERMINALNR
BTZ_ASW_FIRMENNR (PK);BTZ_ASW_FIRMENNR
BTZ_ASW_AUSWEISNR (PK);BTZ_ASW_AUSWEISNR
BUR_UPLOADID (PK);BUR_UPLOADID
BWB_BEWERBID (PK);BWB_BEWERBID
BWF_BWFORMELID (PK);BWF_BWFORMELID
BWH_BEWHISTID (PK);BWH_BEWHISTID
BWI_BWIID (PK);BWI_BWIID
BWK_BWERTPAKETNR (PK);BWK_BWERTPAKETNR
BWK_BWERTKATEGORIENR (PK);BWK_BWERTKATEGORIENR
BWM_BEWMOID (PK);BWM_BEWMOID
BWP_BWERTPAKETNR (PK);BWP_BWERTPAKETNR
BWP_BWERTKATEGORIENR (PK);BWP_BWERTKATEGORIENR
BWP_PARAMLFDNR (PK);BWP_PARAMLFDNR
BWT_BWERTPAKETNR (PK);BWT_BWERTPAKETNR
BWT_BWERTKATEGORIENR (PK);BWT_BWERTKATEGORIENR
BWT_PARAMLFDNR (PK);BWT_PARAMLFDNR
BWT_BWERTFIRMENNR (PK);BWT_BWERTFIRMENNR
BWT_BWERTJAHR (PK);BWT_BWERTJAHR
BWT_BWERTPERIODE (PK);BWT_BWERTPERIODE
BWU_BWUID (PK);BWU_BWUID
BWV_FIRMENNR (PK);BWV_FIRMENNR
BWV_BWVERSIONNR (PK);BWV_BWVERSIONNR
CAB_CABID (PK);CAB_CABID
CAW_CAWID (PK);CAW_CAWID
CBR_CBRID (PK);CBR_CBRID
CKL_CKLID (PK);CKL_CKLID
CKL_BLOBLFDNR (PK);CKL_BLOBLFDNR
CLA_CLFELDNR (PK);CLA_CLFELDNR
CLA_FIRMENNR (PK);CLA_FIRMENNR
CLA_PROJEKTNR (PK);CLA_PROJEKTNR
CLA_PROJEKTTYP (PK);CLA_PROJEKTTYP
CLV_CLVNR (PK);CLV_CLVNR
CLW_CLFELDNR (PK);CLW_CLFELDNR
CLW_CLFELDWERTNR (PK);CLW_CLFELDWERTNR
CLW_FIRMENNR (PK);CLW_FIRMENNR
CLW_PROJEKTNR (PK);CLW_PROJEKTNR
CLW_PROJEKTTYP (PK);CLW_PROJEKTTYP
CPR_CPRID (PK);CPR_CPRID
CWF_CWFID (PK);CWF_CWFID
DAG_DOK_ARCHIVNR (PK);DAG_DOK_ARCHIVNR
DAG_DOK_DOKUMENTENNR (PK);DAG_DOK_DOKUMENTENNR
DAG_AGU_ANLAGEGUTID (PK);DAG_AGU_ANLAGEGUTID
DAS_ARCHIVNR (PK);DAS_ARCHIVNR
DBL_DBS_DATENBESTANDNR (PK);DBL_DBS_DATENBESTANDNR
DBL_DBLJAHR (PK);DBL_DBLJAHR
DBS_DATENBESTANDNR (PK);DBS_DATENBESTANDNR
DBX_DATABOXID (PK);DBX_DATABOXID
DDC_ARCHIVNR (PK);DDC_ARCHIVNR
DDC_DOKUMENTENNR (PK);DDC_DOKUMENTENNR
DEL_DELID (PK);DEL_DELID
DEL_DELLFDNR (PK);DEL_DELLFDNR
DIP_FIRMENNR (PK);DIP_FIRMENNR
DIP_EXTPERSID (PK);DIP_EXTPERSID
DIZ_ARCHIVNR (PK);DIZ_ARCHIVNR
DIZ_DOKUMENTENNR (PK);DIZ_DOKUMENTENNR
DIZ_IART (PK);DIZ_IART
DIZ_LANDNR (PK);DIZ_LANDNR
DIZ_INR (PK);DIZ_INR
DKA_DKT_ARCHIVNR (PK);DKA_DKT_ARCHIVNR
DKA_DKT_DOCSKATEGORIEKZ (PK);DKA_DKT_DOCSKATEGORIEKZ
DKA_DKT_DOCSKATEGORIELFDNR (PK);DKA_DKT_DOCSKATEGORIELFDNR
DKA_ARCHIVNR (PK);DKA_ARCHIVNR
DKA_DOKUMENTENNR (PK);DKA_DOKUMENTENNR
DKT_ARCHIVNR (PK);DKT_ARCHIVNR
DKT_DOCSKATEGORIEKZ (PK);DKT_DOCSKATEGORIEKZ
DKT_DOCSKATEGORIELFDNR (PK);DKT_DOCSKATEGORIELFDNR
DKV_ARCHIVNR (PK);DKV_ARCHIVNR
DKV_DOKUMENTENNR (PK);DKV_DOKUMENTENNR
DKV_DOKUMENTUNR (PK);DKV_DOKUMENTUNR
DKW_DKWID (PK);DKW_DKWID
DKZ_DKZID (PK);DKZ_DKZID
DKZ_ARCHIVNR (PK);DKZ_ARCHIVNR
DKZ_DOKUMENTENNR (PK);DKZ_DOKUMENTENNR
DLN_LANDNR (PK);DLN_LANDNR
DLN_DLCODE (PK);DLN_DLCODE
DOK_ARCHIVNR (PK);DOK_ARCHIVNR
DOK_DOKUMENTENNR (PK);DOK_DOKUMENTENNR
DPR_DOK_ARCHIVNR (PK);DPR_DOK_ARCHIVNR
DPR_DOK_DOKUMENTENNR (PK);DPR_DOK_DOKUMENTENNR
DPR_PRO_FIRMENNR (PK);DPR_PRO_FIRMENNR
DPR_PRO_PROJEKTNR (PK);DPR_PRO_PROJEKTNR
DPR_PRO_PROJEKTTYP (PK);DPR_PRO_PROJEKTTYP
DPZ_ARCHIVNR (PK);DPZ_ARCHIVNR
DPZ_DOKUMENTENNR (PK);DPZ_DOKUMENTENNR
DPZ_FIRMENNR (PK);DPZ_FIRMENNR
DPZ_PERSONENID (PK);DPZ_PERSONENID
DSK_DSKID (PK);DSK_DSKID
DSP_DSV_FIRMENNR (PK);DSP_DSV_FIRMENNR
DSP_EINTRAGNR (PK);DSP_EINTRAGNR
DSP_DSPLFDNR (PK);DSP_DSPLFDNR
DSS_DSSID (PK);DSS_DSSID
DSV_FIRMENNR (PK);DSV_FIRMENNR
DSV_EINTRAGNR (PK);DSV_EINTRAGNR
DVH_MIT_FIRMENNR (PK);DVH_MIT_FIRMENNR
DVH_MITARBEITERID (PK);DVH_MITARBEITERID
DVH_DIENSTVLFDNR (PK);DVH_DIENSTVLFDNR
DVK_FIRMENNR (PK);DVK_FIRMENNR
DVK_EINTRAGNR (PK);DVK_EINTRAGNR
DVK_DSKID (PK);DVK_DSKID
DVL_VERLAUFID (PK);DVL_VERLAUFID
DVW_ARCHIVNR1 (PK);DVW_ARCHIVNR1
DVW_DOKUMENTENNR1 (PK);DVW_DOKUMENTENNR1
DVW_ARCHIVNR2 (PK);DVW_ARCHIVNR2
DVW_DOKUMENTENNR2 (PK);DVW_DOKUMENTENNR2
DWZ_DWZID (PK);DWZ_DWZID
EAZ_EAZID (PK);EAZ_EAZID
EGS_GRUND_ID (PK);EGS_GRUND_ID
EMA_EMAILLFDNR (PK);EMA_EMAILLFDNR
EMT_EMAILARTNR (PK);EMT_EMAILARTNR
ETL_ETLID (PK);ETL_ETLID
ETZ_ETZID (PK);ETZ_ETZID
EVA_TEAMID (PK);EVA_TEAMID
EVG_EVGTAGID (PK);EVG_EVGTAGID
EVI_FIRMENNR (PK);EVI_FIRMENNR
EVI_EVIDENZNR (PK);EVI_EVIDENZNR
EVK_KATEGORIEID (PK);EVK_KATEGORIEID
EVL_LIEFERANTID (PK);EVL_LIEFERANTID
EVN_TEILNEHMERID (PK);EVN_TEILNEHMERID
EVS_STATUSID (PK);EVS_STATUSID
EVT_EVENTID (PK);EVT_EVENTID
EVV_VORTRAGID (PK);EVV_VORTRAGID
EVZ_TLNTAGID (PK);EVZ_TLNTAGID
EWL_WARTELISTEID (PK);EWL_WARTELISTEID
EXP_EXPID (PK);EXP_EXPID
FAP_FINANZAMTNR (PK);FAP_FINANZAMTNR
FAP_LANDNR (PK);FAP_LANDNR
FAP_FIRMENNR (PK);FAP_FIRMENNR
FAP_PERSONENID (PK);FAP_PERSONENID
FAP_PFINANZAMTLFDNR (PK);FAP_PFINANZAMTLFDNR
FAV_FAVORITENNR (PK);FAV_FAVORITENNR
FAZ_FAZID (PK);FAZ_FAZID
FBN_FRAGEBOGENID (PK);FBN_FRAGEBOGENID
FBR_FIRMENNR (PK);FBR_FIRMENNR
FBR_FBRANCHELFDNR (PK);FBR_FBRANCHELFDNR
FES_FESNR (PK);FES_FESNR
FES_FIRMENNR (PK);FES_FIRMENNR
FFA_FIRMENNR (PK);FFA_FIRMENNR
FFA_FIRMAGUELTIGJAHR (PK);FFA_FIRMAGUELTIGJAHR
FFA_FFINANZAMTLFDNR (PK);FFA_FFINANZAMTLFDNR
FFZ_FFZUID (PK);FFZ_FFZUID
FGA_KRITERIENNR (PK);FGA_KRITERIENNR
FGA_BEFRAGUNGSNR (PK);FGA_BEFRAGUNGSNR
FGA_FIRMENNR (PK);FGA_FIRMENNR
FGA_KLID (PK);FGA_KLID
FGA_AUSWAHLNR (PK);FGA_AUSWAHLNR
FGB_KRITERIENNR (PK);FGB_KRITERIENNR
FGB_BEFRAGUNGSNR (PK);FGB_BEFRAGUNGSNR
FGB_FIRMENNR (PK);FGB_FIRMENNR
FGB_KLID (PK);FGB_KLID
FGE_FRAGEID (PK);FGE_FRAGEID
FGK_FIRMENNR (PK);FGK_FIRMENNR
FGK_GKKLFDNR (PK);FGK_GKKLFDNR
FGK_FIRMAGUELTIGJAHR (PK);FGK_FIRMAGUELTIGJAHR
FGM_FIRMENNR (PK);FGM_FIRMENNR
FGM_FIRMAGUELTIGJAHR (PK);FGM_FIRMAGUELTIGJAHR
FGM_FGEMEINDELFDNR (PK);FGM_FGEMEINDELFDNR
FGR_FIRMENNR (PK);FGR_FIRMENNR
FGR_FIRMAGUELTIGJAHR (PK);FGR_FIRMAGUELTIGJAHR
FGR_FGERICHTLFDNR (PK);FGR_FGERICHTLFDNR
FIG_FIRMENNR (PK);FIG_FIRMENNR
FIG_GRUPPE_FIRMENNR (PK);FIG_GRUPPE_FIRMENNR
FIN_LANDNR (PK);FIN_LANDNR
FIN_FINANZAMTNR (PK);FIN_FINANZAMTNR
FIR_FIRMENNR (PK);FIR_FIRMENNR
FIW_FIRMENNR (PK);FIW_FIRMENNR
FIW_FIRMAGUELTIGJAHR (PK);FIW_FIRMAGUELTIGJAHR
FKT_FIRMENNR (PK);FKT_FIRMENNR
FKT_FIRMENKATEGORIEKZ (PK);FKT_FIRMENKATEGORIEKZ
FKT_FIRMENKATEGORIELFDNR (PK);FKT_FIRMENKATEGORIELFDNR
FOT_FIRMENNR (PK);FOT_FIRMENNR
FOT_FOTONR (PK);FOT_FOTONR
FPO_PRO_FIRMENNR (PK);FPO_PRO_FIRMENNR
FPO_PROJEKTNR (PK);FPO_PROJEKTNR
FPO_PROJEKTTYP (PK);FPO_PROJEKTTYP
FPO_PER_FIRMENNR (PK);FPO_PER_FIRMENNR
FPO_PERSONENID (PK);FPO_PERSONENID
FRA_FRISTARTLFDNR (PK);FRA_FRISTARTLFDNR
FRD_FRISTLFDNR (PK);FRD_FRISTLFDNR
FRD_ARCHIVNR (PK);FRD_ARCHIVNR
FRD_DOKUMENTENNR (PK);FRD_DOKUMENTENNR
FRI_FRISTLFDNR (PK);FRI_FRISTLFDNR
FRI_FRISTVERLAENGLFDNR (PK);FRI_FRISTVERLAENGLFDNR
FRZ_FRZID (PK);FRZ_FRZID
FST_FRISTLFDNR (PK);FST_FRISTLFDNR
FSZ_FSZID (PK);FSZ_FSZID
FTB_FAHRTENBUCHID (PK);FTB_FAHRTENBUCHID
FTG_FEIERTAGDATUM (PK);FTG_FEIERTAGDATUM
FTG_FEIERTAGART (PK);FTG_FEIERTAGART
FTG_FEIERTAGLFDNR (PK);FTG_FEIERTAGLFDNR
FTG_LANDNR (PK);FTG_LANDNR
GAD_GHOSTADRESSID (PK);GAD_GHOSTADRESSID
GAZ_ANG_FIRMENNR (PK);GAZ_ANG_FIRMENNR
GAZ_ANG_PERSONENID (PK);GAZ_ANG_PERSONENID
GAZ_PER_FIRMENNR (PK);GAZ_PER_FIRMENNR
GAZ_PER_PERSONENID (PK);GAZ_PER_PERSONENID
GBT_GBTID (PK);GBT_GBTID
GEA_FIRMENNR (PK);GEA_FIRMENNR
GEA_GEACODE (PK);GEA_GEACODE
GEM_LANDNR (PK);GEM_LANDNR
GEM_GEMEINDENR (PK);GEM_GEMEINDENR
GER_LANDNR (PK);GER_LANDNR
GER_GERICHTSNR (PK);GER_GERICHTSNR
GID_GIDID (PK);GID_GIDID
GKK_LANDNR (PK);GKK_LANDNR
GKK_GKKNR (PK);GKK_GKKNR
GOE_BAUMID (PK);GOE_BAUMID
GOE_GRUPPENORDNERNR (PK);GOE_GRUPPENORDNERNR
GOE_EVENTID (PK);GOE_EVENTID
GOI_BAUMID (PK);GOI_BAUMID
GOI_GRUPPENORDNERNR (PK);GOI_GRUPPENORDNERNR
GOI_IART (PK);GOI_IART
GOI_LANDNR (PK);GOI_LANDNR
GOI_INR (PK);GOI_INR
GOP_BAUMID (PK);GOP_BAUMID
GOP_GRUPPENORDNERNR (PK);GOP_GRUPPENORDNERNR
GOP_FIRMENNR (PK);GOP_FIRMENNR
GOP_PERSONENID (PK);GOP_PERSONENID
GPH_GPHBAUMID (PK);GPH_GPHBAUMID
GPH_GPHSESSIONID (PK);GPH_GPHSESSIONID
GPH_PER_FIRMENNR (PK);GPH_PER_FIRMENNR
GPH_PER_PERSONENID (PK);GPH_PER_PERSONENID
GPO_BAUMID (PK);GPO_BAUMID
GPO_GRUPPENORDNERNR (PK);GPO_GRUPPENORDNERNR
GRS_GRSID (PK);GRS_GRSID
GST_REG_LANDNR (PK);GST_REG_LANDNR
GST_REG_REGIONNR (PK);GST_REG_REGIONNR
GST_GEBST_GUELTIG_AB (PK);GST_GEBST_GUELTIG_AB
GVM_FIRMENNR (PK);GVM_FIRMENNR
GVM_PERSONENID (PK);GVM_PERSONENID
GWI_GWIID (PK);GWI_GWIID
GWK_LANDNR (PK);GWK_LANDNR
GWK_GEWERKSCHAFTNR (PK);GWK_GEWERKSCHAFTNR
HFT_BUEROSESSIONID (PK);HFT_BUEROSESSIONID
HFT_BUEROLFDNR (PK);HFT_BUEROLFDNR
HTK_HTKID (PK);HTK_HTKID
HTK_FIRMENNR (PK);HTK_FIRMENNR
HTK_PERSONENID (PK);HTK_PERSONENID
HZL_HZLID (PK);HZL_HZLID
IAM_IAMID (PK);IAM_IAMID
ICD_ICDID (PK);ICD_ICDID
IFP_INFOTABID (PK);IFP_INFOTABID
IFP_INFOTABPOSID (PK);IFP_INFOTABPOSID
IFT_INFOTABID (PK);IFT_INFOTABID
IKZ_IART (PK);IKZ_IART
IKZ_LANDNR (PK);IKZ_LANDNR
IKZ_INR (PK);IKZ_INR
IKZ_KONTAKT_FIRMENNR (PK);IKZ_KONTAKT_FIRMENNR
IKZ_KONTAKT_PERSONENID (PK);IKZ_KONTAKT_PERSONENID
IKZ_INSTITUTIONKONTAKTLFDNR (PK);IKZ_INSTITUTIONKONTAKTLFDNR
IMD_INSMEDDETAILID (PK);IMD_INSMEDDETAILID
IMM_INSMEDMASTERID (PK);IMM_INSMEDMASTERID
IMN_IMNID (PK);IMN_IMNID
IMO_FIRMENNR (PK);IMO_FIRMENNR
IMO_IMMOBILIENNR (PK);IMO_IMMOBILIENNR
IMZ_IOGID (PK);IMZ_IOGID
IMZ_IMNID (PK);IMZ_IMNID
INR_INSERATID (PK);INR_INSERATID
INS_IART (PK);INS_IART
INS_LANDNR (PK);INS_LANDNR
INS_INR (PK);INS_INR
INT_INTRASTATID (PK);INT_INTRASTATID
INZ_INZID (PK);INZ_INZID
IOB_IOBID (PK);IOB_IOBID
IOG_IOGID (PK);IOG_IOGID
IPZ_EXTERN_FIRMENNR (PK);IPZ_EXTERN_FIRMENNR
IPZ_EXTERN_PROJEKTNR (PK);IPZ_EXTERN_PROJEKTNR
IPZ_EXTERN_PROJEKTTYP (PK);IPZ_EXTERN_PROJEKTTYP
IPZ_FIRMENNR (PK);IPZ_FIRMENNR
ISV_PLZ (PK);ISV_PLZ
ISV_SUCHNAME (PK);ISV_SUCHNAME
ISV_FIRMENNR (PK);ISV_FIRMENNR
ISV_PERSONENID (PK);ISV_PERSONENID
ISZ_INFOTABSTELLEZULFDNR (PK);ISZ_INFOTABSTELLEZULFDNR
ISZ_FIRMENNR (PK);ISZ_FIRMENNR
ISZ_STELLENNR (PK);ISZ_STELLENNR
ITB_INFOTABLFDNR (PK);ITB_INFOTABLFDNR
ITB_BEWERTUNGSNR (PK);ITB_BEWERTUNGSNR
ITM_BMDUSERID (PK);ITM_BMDUSERID
ITM_IMAILLFDNR (PK);ITM_IMAILLFDNR
IVZ_IVZID (PK);IVZ_IVZID
IWV_INTRASTATWVNR (PK);IWV_INTRASTATWVNR
IWV_INTRASTATABDATUM (PK);IWV_INTRASTATABDATUM
IWV_LANDNR (PK);IWV_LANDNR
IZJ_IZJID (PK);IZJ_IZJID
KAT_KATEGORIEKZ (PK);KAT_KATEGORIEKZ
KAT_KATEGORIELFDNR (PK);KAT_KATEGORIELFDNR
KAZ_HKATEGORIEKZ (PK);KAZ_HKATEGORIEKZ
KAZ_HKATEGORIELFDNR (PK);KAZ_HKATEGORIELFDNR
KAZ_UKATEGORIEKZ (PK);KAZ_UKATEGORIEKZ
KAZ_UKATEGORIELFDNR (PK);KAZ_UKATEGORIELFDNR
KDZ_KDZID (PK);KDZ_KDZID
KFF_KFFID (PK);KFF_KFFID
KFI_KORETYPENFINDUNGID (PK);KFI_KORETYPENFINDUNGID
KIN_ZBA_FIRMENNR (PK);KIN_ZBA_FIRMENNR
KIN_ZBUCHARTNR (PK);KIN_ZBUCHARTNR
KIN_KOREFELDART (PK);KIN_KOREFELDART
KIN_KINFELDNAME (PK);KIN_KINFELDNAME
KIZ_INFOTABPOSZUID (PK);KIZ_INFOTABPOSZUID
KJO_FIRMENNR (PK);KJO_FIRMENNR
KJO_KONTAKTLFDNR (PK);KJO_KONTAKTLFDNR
KKA_KREDITKARTENARTNR (PK);KKA_KREDITKARTENARTNR
KKS_KKSID (PK);KKS_KKSID
KKZ_FIRMENNR (PK);KKZ_FIRMENNR
KKZ_KLID (PK);KKZ_KLID
KKZ_KREDITKARTENLFDNR (PK);KKZ_KREDITKARTENLFDNR
KLI_FIRMENNR (PK);KLI_FIRMENNR
KLI_KLID (PK);KLI_KLID
KOD_KONDNR (PK);KOD_KONDNR
KON_FIRMENNR (PK);KON_FIRMENNR
KON_KONTAKTPERSID (PK);KON_KONTAKTPERSID
KPP_KPPID (PK);KPP_KPPID
KRI_KRITERIENNR (PK);KRI_KRITERIENNR
KSL_KSLID (PK);KSL_KSLID
KUG_FIRMENNR (PK);KUG_FIRMENNR
KUG_KUNDENHAUPTGRUPPENNR (PK);KUG_KUNDENHAUPTGRUPPENNR
KUG_KUNDENUNTERGRUPPENNR (PK);KUG_KUNDENUNTERGRUPPENNR
KUZ_KUNDZAHLID (PK);KUZ_KUNDZAHLID
LAN_LANDNR (PK);LAN_LANDNR
LDO_LEBENSLAUFID (PK);LDO_LEBENSLAUFID
LDO_ARCHIVNR (PK);LDO_ARCHIVNR
LDO_DOKUMENTENNR (PK);LDO_DOKUMENTENNR
LEB_LEBENSLAUFID (PK);LEB_LEBENSLAUFID
LED_FIRMENNR (PK);LED_FIRMENNR
LED_LEADNR (PK);LED_LEADNR
LEN_BMDUSERID (PK);LEN_BMDUSERID
LEN_BERECHTPAKETNR (PK);LEN_BERECHTPAKETNR
LPZ_FIRMENNR (PK);LPZ_FIRMENNR
LPZ_PERSONENID (PK);LPZ_PERSONENID
LPZ_LIZENZNR (PK);LPZ_LIZENZNR
LTX_LANGTXTLFDNR (PK);LTX_LANGTXTLFDNR
LXD_LPMID (PK);LXD_LPMID
LXD_LPDNR (PK);LXD_LPDNR
LXM_LPMID (PK);LXM_LPMID
MAB_MITARBAUSBID (PK);MAB_MITARBAUSBID
MAG_MAGID (PK);MAG_MAGID
MBZ_BETRIEBSZEITID (PK);MBZ_BETRIEBSZEITID
MDD_MEDIENID (PK);MDD_MEDIENID
MDD_ARCHIVNR (PK);MDD_ARCHIVNR
MDD_DOKUMENTENNR (PK);MDD_DOKUMENTENNR
MED_MEDIENID (PK);MED_MEDIENID
MEI_MEDIENINFOKZ (PK);MEI_MEDIENINFOKZ
MEI_MEDIENINFOLFDNR (PK);MEI_MEDIENINFOLFDNR
MEI_FIRMENNR (PK);MEI_FIRMENNR
MEV_MEDIENVERLEIHLFDNR (PK);MEV_MEDIENVERLEIHLFDNR
MGZ_MGZID (PK);MGZ_MGZID
MHT_FIRMENNR (PK);MHT_FIRMENNR
MHT_MITARBEITERID (PK);MHT_MITARBEITERID
MHT_MITARBHISTORIE_VON (PK);MHT_MITARBHISTORIE_VON
MIK_KARRIERELFDNR (PK);MIK_KARRIERELFDNR
MIK_FIRMENNR (PK);MIK_FIRMENNR
MIS_PER_FIRMENNR (PK);MIS_PER_FIRMENNR
MIS_PER_PERSONENID (PK);MIS_PER_PERSONENID
MIS_SBS_STELLBESCHID (PK);MIS_SBS_STELLBESCHID
MIT_FIRMENNR (PK);MIT_FIRMENNR
MIT_MITARBEITERID (PK);MIT_MITARBEITERID
MIZ_MEDIENINFOKZ (PK);MIZ_MEDIENINFOKZ
MIZ_MEDIENINFOLFDNR (PK);MIZ_MEDIENINFOLFDNR
MIZ_MEDIENID (PK);MIZ_MEDIENID
MIZ_FIRMENNR (PK);MIZ_FIRMENNR
MLZ_LANDNR (PK);MLZ_LANDNR
MLZ_KASSENR (PK);MLZ_KASSENR
MLZ_LEITZAHL (PK);MLZ_LEITZAHL
MMZ_MMZID (PK);MMZ_MMZID
MST_FIRMENNR (PK);MST_FIRMENNR
MST_MITARBEITERID (PK);MST_MITARBEITERID
MST_STV_FIRMENNR (PK);MST_STV_FIRMENNR
MST_STV_MITARBEITERID (PK);MST_STV_MITARBEITERID
MTP_FIRMENNR (PK);MTP_FIRMENNR
MTP_MITARBEITERID (PK);MTP_MITARBEITERID
MUZ_MITARBUSERZUID (PK);MUZ_MITARBUSERZUID
MVK_LANDNR (PK);MVK_LANDNR
MVK_KASSENR (PK);MVK_KASSENR
MVL_MVLID (PK);MVL_MVLID
MVP_MVLID (PK);MVP_MVLID
MVP_MVPLFDNR (PK);MVP_MVPLFDNR
MVT_MEDIENVERLEIHLFDNR (PK);MVT_MEDIENVERLEIHLFDNR
MVT_TERMINNR (PK);MVT_TERMINNR
MWT_MEDIENWERTEID (PK);MWT_MEDIENWERTEID
MZZ_MZZID (PK);MZZ_MZZID
NGZ_NOTIZGRUPPENR (PK);NGZ_NOTIZGRUPPENR
NGZ_NOTIZNR (PK);NGZ_NOTIZNR
NOG_NOTIZGRUPPENR (PK);NOG_NOTIZGRUPPENR
NOT_NOTIZNR (PK);NOT_NOTIZNR
OBA_AUSSCHREIBUNGZUID (PK);OBA_AUSSCHREIBUNGZUID
OBB_BEWERBUNGSID (PK);OBB_BEWERBUNGSID
OBD_ONLINEDOKID (PK);OBD_ONLINEDOKID
OBL_ONLLEBENSLAUFID (PK);OBL_ONLLEBENSLAUFID
OBP_PERSSTAMMID (PK);OBP_PERSSTAMMID
OBQ_QUALIFIKATIONSID (PK);OBQ_QUALIFIKATIONSID
OFR_OFRID (PK);OFR_OFRID
ORT_LANDNR (PK);ORT_LANDNR
ORT_PLZ (PK);ORT_PLZ
ORT_PLZUNTERNR (PK);ORT_PLZUNTERNR
OUF_OUFID (PK);OUF_OUFID
OUP_OUPID (PK);OUP_OUPID
OUZ_OUFID (PK);OUZ_OUFID
OUZ_UMFRAGEID (PK);OUZ_UMFRAGEID
PBR_FIRMENNR (PK);PBR_FIRMENNR
PBR_PERSONENID (PK);PBR_PERSONENID
PBR_PBRANCHELFDNR (PK);PBR_PBRANCHELFDNR
PCL_PCLID (PK);PCL_PCLID
PCZ_PCZID (PK);PCZ_PCZID
PDZ_PRW_PRO_FIRMENNR (PK);PDZ_PRW_PRO_FIRMENNR
PDZ_PRW_PTNR (PK);PDZ_PRW_PTNR
PDZ_PRW_PROJEKTNR (PK);PDZ_PRW_PROJEKTNR
PDZ_PRW_PROJEKTTYP (PK);PDZ_PRW_PROJEKTTYP
PDZ_PRW_FIRMENNR (PK);PDZ_PRW_FIRMENNR
PDZ_DOK_ARCHIVNR (PK);PDZ_DOK_ARCHIVNR
PDZ_DOK_DOKUMENTENNR (PK);PDZ_DOK_DOKUMENTENNR
PER_FIRMENNR (PK);PER_FIRMENNR
PER_PERSONENID (PK);PER_PERSONENID
PEZ_FIRMENNR (PK);PEZ_FIRMENNR
PEZ_PERSONENID (PK);PEZ_PERSONENID
PEZ_PER_FIRMENNR (PK);PEZ_PER_FIRMENNR
PEZ_PER_PERSONENID (PK);PEZ_PER_PERSONENID
PFA_FIRMENNR (PK);PFA_FIRMENNR
PFA_PERSONENID (PK);PFA_PERSONENID
PFA_PFINANZAMTLFDNR (PK);PFA_PFINANZAMTLFDNR
PFF_OUPID (PK);PFF_OUPID
PFF_FFZUID (PK);PFF_FFZUID
PFZ_PERSONFIRMENZUID (PK);PFZ_PERSONFIRMENZUID
PGE_KUN_FIRMENNR (PK);PGE_KUN_FIRMENNR
PGE_KUN_PERSONENID (PK);PGE_KUN_PERSONENID
PGE_GES_FIRMENNR (PK);PGE_GES_FIRMENNR
PGE_GES_PERSONENID (PK);PGE_GES_PERSONENID
PGE_GES_PERSONUNTERNR (PK);PGE_GES_PERSONUNTERNR
PGK_FIRMENNR (PK);PGK_FIRMENNR
PGK_PERSONENID (PK);PGK_PERSONENID
PGK_PGKKLFDNR (PK);PGK_PGKKLFDNR
PGM_FIRMENNR (PK);PGM_FIRMENNR
PGM_PERSONENID (PK);PGM_PERSONENID
PGM_PGEMEINDELFDNR (PK);PGM_PGEMEINDELFDNR
PGR_FIRMENNR (PK);PGR_FIRMENNR
PGR_PERSONENID (PK);PGR_PERSONENID
PGR_PGERICHTLFDNR (PK);PGR_PGERICHTLFDNR
PGW_KUN_FIRMENNR (PK);PGW_KUN_FIRMENNR
PGW_KUN_PERSONENID (PK);PGW_KUN_PERSONENID
PGW_GES_FIRMENNR (PK);PGW_GES_FIRMENNR
PGW_GES_PERSONENID (PK);PGW_GES_PERSONENID
PGW_GES_PERSONUNTERNR (PK);PGW_GES_PERSONUNTERNR
PGW_PGWGUELTIGAB (PK);PGW_PGWGUELTIGAB
PGZ_PLG_FIRMENNR (PK);PGZ_PLG_FIRMENNR
PGZ_PLG_PLANGRLFDNR (PK);PGZ_PLG_PLANGRLFDNR
PGZ_TMO_FIRMENNR (PK);PGZ_TMO_FIRMENNR
PGZ_TMO_TAGESMODELLNR (PK);PGZ_TMO_TAGESMODELLNR
PIM_TIMESTAMP (PK);PIM_TIMESTAMP
PIP_PIPSEQID (PK);PIP_PIPSEQID
PKA_FIRMENNR (PK);PKA_FIRMENNR
PKA_PROJEKTARTNR (PK);PKA_PROJEKTARTNR
PKL_PRO_FIRMENNR (PK);PKL_PRO_FIRMENNR
PKL_PROJEKTNR (PK);PKL_PROJEKTNR
PKL_PROJEKTTYP (PK);PKL_PROJEKTTYP
PKL_FIRMENNR (PK);PKL_FIRMENNR
PKL_PERSONENID (PK);PKL_PERSONENID
PKU_HAUPTPROJEKTID (PK);PKU_HAUPTPROJEKTID
PKU_SUBPROJEKTID (PK);PKU_SUBPROJEKTID
PKZ_FIRMENNR (PK);PKZ_FIRMENNR
PKZ_PERSONENID (PK);PKZ_PERSONENID
PKZ_KONTAKT_FIRMENNR (PK);PKZ_KONTAKT_FIRMENNR
PKZ_KONTAKT_PERSONENID (PK);PKZ_KONTAKT_PERSONENID
PKZ_PERSONKONTAKTLFDNR (PK);PKZ_PERSONKONTAKTLFDNR
PLG_FIRMENNR (PK);PLG_FIRMENNR
PLG_PLANGRLFDNR (PK);PLG_PLANGRLFDNR
PLI_PLIID (PK);PLI_PLIID
PLT_PLTID (PK);PLT_PLTID
PLZ_ZUORD_ID (PK);PLZ_ZUORD_ID
PMA_PRO_FIRMENNR (PK);PMA_PRO_FIRMENNR
PMA_PROJEKTNR (PK);PMA_PROJEKTNR
PMA_PROJEKTTYP (PK);PMA_PROJEKTTYP
PMA_FIRMENNR (PK);PMA_FIRMENNR
PMA_PERSONENID (PK);PMA_PERSONENID
PMD_FIRMENNR (PK);PMD_FIRMENNR
PMD_PAUSENMODELLNR (PK);PMD_PAUSENMODELLNR
PMZ_FIRMENNR (PK);PMZ_FIRMENNR
PMZ_PAUSENMODELLNR (PK);PMZ_PAUSENMODELLNR
PMZ_TAGESMODELLNR (PK);PMZ_TAGESMODELLNR
PNK_FIRMENNR (PK);PNK_FIRMENNR
PNK_NKREISLFDNR (PK);PNK_NKREISLFDNR
PNZ_FIRMENNR (PK);PNZ_FIRMENNR
PNZ_PERSONENID (PK);PNZ_PERSONENID
POA_POSTARTNR (PK);POA_POSTARTNR
POD_ARCHIVNR (PK);POD_ARCHIVNR
POD_DOKUMENTENNR (PK);POD_DOKUMENTENNR
POD_POSTNR (PK);POD_POSTNR
POD_POSTKZ (PK);POD_POSTKZ
POS_POSTKZ (PK);POS_POSTKZ
POS_POSTNR (PK);POS_POSTNR
POZ_PWZID (PK);POZ_PWZID
PPF_SEQUID (PK);PPF_SEQUID
PPZ_PLG_FIRMENNR (PK);PPZ_PLG_FIRMENNR
PPZ_PLG_PLANGRLFDNR (PK);PPZ_PLG_PLANGRLFDNR
PPZ_PRS_FIRMENNR (PK);PPZ_PRS_FIRMENNR
PPZ_PRS_PROZESSID (PK);PPZ_PRS_PROZESSID
PRK_PROJEKTKREISLFDNR (PK);PRK_PROJEKTKREISLFDNR
PRO_FIRMENNR (PK);PRO_FIRMENNR
PRO_PROJEKTNR (PK);PRO_PROJEKTNR
PRO_PROJEKTTYP (PK);PRO_PROJEKTTYP
PRT_PTNR (PK);PRT_PTNR
PRW_PTNR (PK);PRW_PTNR
PRW_PRO_FIRMENNR (PK);PRW_PRO_FIRMENNR
PRW_PROJEKTNR (PK);PRW_PROJEKTNR
PRW_PROJEKTTYP (PK);PRW_PROJEKTTYP
PRW_FIRMENNR (PK);PRW_FIRMENNR
PSO_FIRMENNR (PK);PSO_FIRMENNR
PSO_PERSONENID (PK);PSO_PERSONENID
PSO_PSOLFDNR (PK);PSO_PSOLFDNR
PSW_FIRMENNR (PK);PSW_FIRMENNR
PSW_PERSONENID (PK);PSW_PERSONENID
PSW_DVLFDNR (PK);PSW_DVLFDNR
PSW_PERSWERTGUELTIGAB (PK);PSW_PERSWERTGUELTIGAB
PSZ_PERSONENART (PK);PSZ_PERSONENART
PSZ_PERSONKZNR (PK);PSZ_PERSONKZNR
PUP_PERSUPDATELFDNR (PK);PUP_PERSUPDATELFDNR
PVA_PVAID (PK);PVA_PVAID
PVF_PVFID (PK);PVF_PVFID
PVG_PVGID (PK);PVG_PVGID
PVW_PVWID (PK);PVW_PVWID
PWO_PWOID (PK);PWO_PWOID
QAW_QAUSWERTID (PK);QAW_QAUSWERTID
QAZ_QAUSWERTID (PK);QAZ_QAUSWERTID
QAZ_PER_FIRMENNR (PK);QAZ_PER_FIRMENNR
QAZ_PERSONENID (PK);QAZ_PERSONENID
QUF_FIRMENNR (PK);QUF_FIRMENNR
QUF_QUOTENNR (PK);QUF_QUOTENNR
QUF_QUOTENLFDNR (PK);QUF_QUOTENLFDNR
QUO_QUOTENNR (PK);QUO_QUOTENNR
QUS_QUOTENSUMMENNR (PK);QUS_QUOTENSUMMENNR
QUV_QUOTENNR (PK);QUV_QUOTENNR
QUV_VERLAENGERUNGSNR (PK);QUV_VERLAENGERUNGSNR
RAG_RAGID (PK);RAG_RAGID
RAZ_RATENMODELLID (PK);RAZ_RATENMODELLID
REF_REFERENZKATEGORIE (PK);REF_REFERENZKATEGORIE
REF_REFERENZZWECK (PK);REF_REFERENZZWECK
REF_WERTALT (PK);REF_WERTALT
REF_REFLFDNR (PK);REF_REFLFDNR
REG_LANDNR (PK);REG_LANDNR
REG_REGIONNR (PK);REG_REGIONNR
REL_RELIGIONSNR (PK);REL_RELIGIONSNR
REM_REMINDERLFDNR (PK);REM_REMINDERLFDNR
REO_FIRMENNR (PK);REO_FIRMENNR
REO_PROJEKTNR (PK);REO_PROJEKTNR
REO_PROJEKTTYP (PK);REO_PROJEKTTYP
REO_ROBJEKTNR (PK);REO_ROBJEKTNR
REP_RESPAKETID (PK);REP_RESPAKETID
RFM_LANDNR (PK);RFM_LANDNR
RFM_RECHTSFORMNR (PK);RFM_RECHTSFORMNR
RMD_FIRMENNR (PK);RMD_FIRMENNR
RMD_RMODELLNR (PK);RMD_RMODELLNR
RMD_RMODELLDETAILNR (PK);RMD_RMODELLDETAILNR
RMO_FIRMENNR (PK);RMO_FIRMENNR
RMO_RMODELLNR (PK);RMO_RMODELLNR
RSB_RSBID (PK);RSB_RSBID
RWZ_WMD_FIRMENNR (PK);RWZ_WMD_FIRMENNR
RWZ_WOCHENMODELLNR (PK);RWZ_WOCHENMODELLNR
RWZ_ZRB_FIRMENNR (PK);RWZ_ZRB_FIRMENNR
RWZ_ZRUNDBEDINGUNGNR (PK);RWZ_ZRUNDBEDINGUNGNR
RZG_RZGID (PK);RZG_RZGID
RZS_FIRMENNR (PK);RZS_FIRMENNR
RZS_RZSTAMMNR (PK);RZS_RZSTAMMNR
RZU_RESPAKETZUID (PK);RZU_RESPAKETZUID
RZZ_RZZID (PK);RZZ_RZZID
SAB_STELLAUSBID (PK);SAB_STELLAUSBID
SAP_FIRMENNR (PK);SAP_FIRMENNR
SAP_SAMMELPROJEKTNR (PK);SAP_SAMMELPROJEKTNR
SAT_AAS_AASID (PK);SAT_AAS_AASID
SAT_SETANTWDETAILLFDNR (PK);SAT_SETANTWDETAILLFDNR
SAZ_DOK_ARCHIVNR (PK);SAZ_DOK_ARCHIVNR
SAZ_DOK_DOKUMENTENNR (PK);SAZ_DOK_DOKUMENTENNR
SAZ_SAK_FIRMENNR (PK);SAZ_SAK_FIRMENNR
SAZ_SAK_FIBUNR (PK);SAZ_SAK_FIBUNR
SAZ_SAK_KONTONR (PK);SAZ_SAK_KONTONR
SBC_FIRMENNR (PK);SBC_FIRMENNR
SBC_SBCCODE (PK);SBC_SBCCODE
SBM_SBMID (PK);SBM_SBMID
SBS_STELLBESCHID (PK);SBS_STELLBESCHID
SBV_VORLAGENID (PK);SBV_VORLAGENID
SEK_FIRMENNR (PK);SEK_FIRMENNR
SEK_SEKRETARIATSNR (PK);SEK_SEKRETARIATSNR
SFE_SKILLFILTERID (PK);SFE_SKILLFILTERID
SFE_SKILLELEMENTLFDNR (PK);SFE_SKILLELEMENTLFDNR
SFF_SKILLFILTERID (PK);SFF_SKILLFILTERID
SFK_SFKID (PK);SFK_SFKID
SFR_SKILLREGELID (PK);SFR_SKILLREGELID
SFZ_SYNCFELDZUID (PK);SFZ_SYNCFELDZUID
SKZ_STEUER_ERKLZUNR (PK);SKZ_STEUER_ERKLZUNR
SLR_SKILLREGELELEMENTID (PK);SLR_SKILLREGELELEMENTID
SOZ_SOZIALNR (PK);SOZ_SOZIALNR
SOZ_LANDNR (PK);SOZ_LANDNR
SPR_SPRACHNR (PK);SPR_SPRACHNR
STA_SBS_STELLBESCHID (PK);STA_SBS_STELLBESCHID
STA_VAT_FIRMENNR (PK);STA_VAT_FIRMENNR
STA_VAT_VSTAMMNR (PK);STA_VAT_VSTAMMNR
STE_STEUER_ERKLNR (PK);STE_STEUER_ERKLNR
STL_FIRMENNR (PK);STL_FIRMENNR
STL_STELLENNR (PK);STL_STELLENNR
STM_STELLMERKID (PK);STM_STELLMERKID
STV_FIRMENNR (PK);STV_FIRMENNR
STV_STVCODE (PK);STV_STVCODE
SZP_SZPID (PK);SZP_SZPID
TAR_TERMINNR (PK);TAR_TERMINNR
TAR_ARL_FIRMENNR (PK);TAR_ARL_FIRMENNR
TAR_ARTIKELNR (PK);TAR_ARTIKELNR
TBA_TBAID (PK);TBA_TBAID
TBA_FIRMENNR (PK);TBA_FIRMENNR
TBA_TAGESMODELLNR (PK);TBA_TAGESMODELLNR
TBN_TBNID (PK);TBN_TBNID
TBZ_ZBA_FIRMENNR (PK);TBZ_ZBA_FIRMENNR
TBZ_ZBUCHARTNR (PK);TBZ_ZBUCHARTNR
TBZ_BTM_FIRMENNR (PK);TBZ_BTM_FIRMENNR
TBZ_TERMINALNR (PK);TBZ_TERMINALNR
TEA_TELEFONARTNR (PK);TEA_TELEFONARTNR
TED_TERMINNR (PK);TED_TERMINNR
TED_ARCHIVNR (PK);TED_ARCHIVNR
TED_DOKUMENTENNR (PK);TED_DOKUMENTENNR
TEH_TELKOMNR (PK);TEH_TELKOMNR
TEL_TELLFDNR (PK);TEL_TELLFDNR
TER_TERMINNR (PK);TER_TERMINNR
TIP_IMPORTID (PK);TIP_IMPORTID
TIT_TITELNR (PK);TIT_TITELNR
TLN_TLNID (PK);TLN_TLNID
TMO_FIRMENNR (PK);TMO_FIRMENNR
TMO_TAGESMODELLNR (PK);TMO_TAGESMODELLNR
TMS_TMSICHERID (PK);TMS_TMSICHERID
TMZ_TMZID (PK);TMZ_TMZID
TPD_FIRMENNR (PK);TPD_FIRMENNR
TPD_TELPROTLFDNR (PK);TPD_TELPROTLFDNR
TPD_ARCHIVNR (PK);TPD_ARCHIVNR
TPD_DOKUMENTENNR (PK);TPD_DOKUMENTENNR
TPE_FIR_FIRMENNR (PK);TPE_FIR_FIRMENNR
TPE_PERSONENID (PK);TPE_PERSONENID
TPJ_FIRMENNR (PK);TPJ_FIRMENNR
TPJ_PROJEKTNR (PK);TPJ_PROJEKTNR
TPJ_PROJEKTTYP (PK);TPJ_PROJEKTTYP
TPO_POSTNR (PK);TPO_POSTNR
TPO_POSTKZ (PK);TPO_POSTKZ
TPO_TERMINNR (PK);TPO_TERMINNR
TPR_FIRMENNR (PK);TPR_FIRMENNR
TPR_TELPROTLFDNR (PK);TPR_TELPROTLFDNR
TPS_FIRMENNR (PK);TPS_FIRMENNR
TPS_PERSONENID (PK);TPS_PERSONENID
TPS_PERSONENKZ (PK);TPS_PERSONENKZ
TRS_TRSID (PK);TRS_TRSID
TRZ_TRZID (PK);TRZ_TRZID
TSR_TERMINNR (PK);TSR_TERMINNR
TZM_FIRMENNR_MASTER (PK);TZM_FIRMENNR_MASTER
TZM_TERMINALNR_MASTER (PK);TZM_TERMINALNR_MASTER
TZM_FIRMENNR_SUB (PK);TZM_FIRMENNR_SUB
TZM_TERMINALNR_SUB (PK);TZM_TERMINALNR_SUB
UAT_SESSIONID (PK);UAT_SESSIONID
UEB_FIRMENNR (PK);UEB_FIRMENNR
UEB_LFDNR (PK);UEB_LFDNR
UID_UIDID (PK);UID_UIDID
UMF_UMFRAGEID (PK);UMF_UMFRAGEID
UZL_UZLID (PK);UZL_UZLID
VAH_VAS_FIRMENNR (PK);VAH_VAS_FIRMENNR
VAH_VAS_VSTAMMNR (PK);VAH_VAS_VSTAMMNR
VAH_VAS_ABHAENGIG_FIRMENNR (PK);VAH_VAS_ABHAENGIG_FIRMENNR
VAH_VAS_ABHAENGIG_VSTAMMNR (PK);VAH_VAS_ABHAENGIG_VSTAMMNR
VAK_FIRMENNR (PK);VAK_FIRMENNR
VAK_VSTAMMNR (PK);VAK_VSTAMMNR
VAK_VERANSTALTUNGSNR (PK);VAK_VERANSTALTUNGSNR
VAS_FIRMENNR (PK);VAS_FIRMENNR
VAS_VSTAMMNR (PK);VAS_VSTAMMNR
VAT_FIRMENNR (PK);VAT_FIRMENNR
VAT_VSTAMMNR (PK);VAT_VSTAMMNR
VAT_VERANSTALTUNGSNR (PK);VAT_VERANSTALTUNGSNR
VAT_TEILNAHMENR (PK);VAT_TEILNAHMENR
VDZ_DOK_ARCHIVNR (PK);VDZ_DOK_ARCHIVNR
VDZ_DOK_DOKUMENTENNR (PK);VDZ_DOK_DOKUMENTENNR
VDZ_VAS_FIRMENNR (PK);VDZ_VAS_FIRMENNR
VDZ_VAS_VSTAMMNR (PK);VDZ_VAS_VSTAMMNR
VER_VERSANDARTNR (PK);VER_VERSANDARTNR
VET_FIRMENNR (PK);VET_FIRMENNR
VET_VSTAMMNR (PK);VET_VSTAMMNR
VET_VERANSTALTUNGSNR (PK);VET_VERANSTALTUNGSNR
VET_VERANSTALTUNGSTAGNR (PK);VET_VERANSTALTUNGSTAGNR
VKD_VAK_FIRMENNR (PK);VKD_VAK_FIRMENNR
VKD_VAK_VSTAMMNR (PK);VKD_VAK_VSTAMMNR
VKD_VAK_VERANSTALTUNGSNR (PK);VKD_VAK_VERANSTALTUNGSNR
VKD_DOK_ARCHIVNR (PK);VKD_DOK_ARCHIVNR
VKD_DOK_DOKUMENTENNR (PK);VKD_DOK_DOKUMENTENNR
VPI_VPINDEXID (PK);VPI_VPINDEXID
VPW_VPINDEXID (PK);VPW_VPINDEXID
VPW_VPINDEXWERTDATUM (PK);VPW_VPINDEXWERTDATUM
VPZ_PPSKAPAID (PK);VPZ_PPSKAPAID
VPZ_KPPID (PK);VPZ_KPPID
VRI_VRIID (PK);VRI_VRIID
VSZ_VAS_FIRMENNR (PK);VSZ_VAS_FIRMENNR
VSZ_VAS_VSTAMMNR (PK);VSZ_VAS_VSTAMMNR
VSZ_VORAUSSETZ_FIRMENNR (PK);VSZ_VORAUSSETZ_FIRMENNR
VSZ_VORAUSSETZ_VSTAMMNR (PK);VSZ_VORAUSSETZ_VSTAMMNR
VTZ_PER_FIRMENNR (PK);VTZ_PER_FIRMENNR
VTZ_PER_PERSONENID (PK);VTZ_PER_PERSONENID
VTZ_VET_FIRMENNR (PK);VTZ_VET_FIRMENNR
VTZ_VET_VSTAMMNR (PK);VTZ_VET_VSTAMMNR
VTZ_VET_VERANSTALTUNGSNR (PK);VTZ_VET_VERANSTALTUNGSNR
VTZ_VETVERANSTALTUNGSTAGNR (PK);VTZ_VETVERANSTALTUNGSTAGNR
VTZ_TER_TERMINNR (PK);VTZ_TER_TERMINNR
VVZ_VET_FIRMENNR (PK);VVZ_VET_FIRMENNR
VVZ_VET_VSTAMMNR (PK);VVZ_VET_VSTAMMNR
VVZ_VET_VERANSTALTUNGSNR (PK);VVZ_VET_VERANSTALTUNGSNR
VVZ_VET_VERANSTALTUNGSTAGNR (PK);VVZ_VET_VERANSTALTUNGSTAGNR
VVZ_PER_FIRMENNR (PK);VVZ_PER_FIRMENNR
VVZ_PER_PERSONENID (PK);VVZ_PER_PERSONENID
VWA_VWAID (PK);VWA_VWAID
VWZ_PPSKAPAID (PK);VWZ_PPSKAPAID
VZE_VORDIENSTID (PK);VZE_VORDIENSTID
VZW_FIRMENNR (PK);VZW_FIRMENNR
VZW_VZWCODE (PK);VZW_VZWCODE
WAM_WAMID (PK);WAM_WAMID
WAT_WATID (PK);WAT_WATID
WDA_WDAID (PK);WDA_WDAID
WDI_WDIID (PK);WDI_WDIID
WFF_WFFID (PK);WFF_WFFID
WFN_WFNID (PK);WFN_WFNID
WFZ_WFZID (PK);WFZ_WFZID
WFZ_DIAGRAMMNR (PK);WFZ_DIAGRAMMNR
WFZ_INSTANZNR (PK);WFZ_INSTANZNR
WMD_FIRMENNR (PK);WMD_FIRMENNR
WMD_WOCHENMODELLNR (PK);WMD_WOCHENMODELLNR
WMZ_WFNID (PK);WMZ_WFNID
WMZ_WMZID (PK);WMZ_WMZID
WOH_WOHID (PK);WOH_WOHID
WTE_WTEID (PK);WTE_WTEID
WUZ_WUZID (PK);WUZ_WUZID
XSE_XSEID (PK);XSE_XSEID
XSP_PAKETID (PK);XSP_PAKETID
ZAB_ZBA_FIRMENNR (PK);ZAB_ZBA_FIRMENNR
ZAB_ZBA_ZBUCHARTNR (PK);ZAB_ZBA_ZBUCHARTNR
ZAB_ASW_FIRMENNR (PK);ZAB_ASW_FIRMENNR
ZAB_ASW_AUSWEISNR (PK);ZAB_ASW_AUSWEISNR
ZAK_AUSWERTID (PK);ZAK_AUSWERTID
ZAS_ANFORDERUNGSNR (PK);ZAS_ANFORDERUNGSNR
ZAS_ZAHLSCHEINLFDNR (PK);ZAS_ZAHLSCHEINLFDNR
ZAT_ZEITAUSWERTTYPNR (PK);ZAT_ZEITAUSWERTTYPNR
ZAW_ZEITAUSWERTID (PK);ZAW_ZEITAUSWERTID
ZBA_FIRMENNR (PK);ZBA_FIRMENNR
ZBA_ZBUCHARTNR (PK);ZBA_ZBUCHARTNR
ZBB_BETRIEBSKALID (PK);ZBB_BETRIEBSKALID
ZBB_ZBBLFDNR (PK);ZBB_ZBBLFDNR
ZBE_ZUSTBEREICHLFDNR (PK);ZBE_ZUSTBEREICHLFDNR
ZBF_ZEITFUNKNR (PK);ZBF_ZEITFUNKNR
ZBF_ZBG_FIRMENNR (PK);ZBF_ZBG_FIRMENNR
ZBF_BAGRUPPNR (PK);ZBF_BAGRUPPNR
ZBG_FIRMENNR (PK);ZBG_FIRMENNR
ZBG_BAGRUPPNR (PK);ZBG_BAGRUPPNR
ZBK_BETRIEBSKALID (PK);ZBK_BETRIEBSKALID
ZBO_ZBG_FIRMENNR (PK);ZBO_ZBG_FIRMENNR
ZBO_BAGRUPPNR (PK);ZBO_BAGRUPPNR
ZBO_ZBA_FIRMENNR (PK);ZBO_ZBA_FIRMENNR
ZBO_ZBUCHARTNR (PK);ZBO_ZBUCHARTNR
ZBP_ZBPID (PK);ZBP_ZBPID
ZBU_BUCHUNG_ID (PK);ZBU_BUCHUNG_ID
ZBZ_FIRMENNR (PK);ZBZ_FIRMENNR
ZBZ_ZBEZUGSARTNR (PK);ZBZ_ZBEZUGSARTNR
ZCL_CLASSNAME (PK);ZCL_CLASSNAME
ZFI_ZFISEQID (PK);ZFI_ZFISEQID
ZIT_FIRMENNR (PK);ZIT_FIRMENNR
ZIT_TYPNR (PK);ZIT_TYPNR
ZIW_ZIT_FIRMENNR (PK);ZIW_ZIT_FIRMENNR
ZIW_ZIT_TYPNR (PK);ZIW_ZIT_TYPNR
ZIW_PLG_FIRMENNR (PK);ZIW_PLG_FIRMENNR
ZIW_PLG_PLANGRLFDNR (PK);ZIW_PLG_PLANGRLFDNR
ZIW_DATUM (PK);ZIW_DATUM
ZIZ_PLG_FIRMENNR (PK);ZIZ_PLG_FIRMENNR
ZIZ_PLG_PLANGRLFDNR (PK);ZIZ_PLG_PLANGRLFDNR
ZIZ_ZIT_FIRMENNR (PK);ZIZ_ZIT_FIRMENNR
ZIZ_ZIT_TYPNR (PK);ZIZ_ZIT_TYPNR
ZLB_ZBALBLOCKSORT_ID (PK);ZLB_ZBALBLOCKSORT_ID
ZLZ_ZLZID (PK);ZLZ_ZLZID
ZMA_ZMAID (PK);ZMA_ZMAID
ZMB_ZMBID (PK);ZMB_ZMBID
ZMD_ZMBID (PK);ZMD_ZMBID
ZMD_ZMDLFDNR (PK);ZMD_ZMDLFDNR
ZMS_MIT_FIRMENNR (PK);ZMS_MIT_FIRMENNR
ZMS_MITARBEITERID (PK);ZMS_MITARBEITERID
ZMS_ZBZ_FIRMENNR (PK);ZMS_ZBZ_FIRMENNR
ZMS_ZBEZUGSARTNR (PK);ZMS_ZBEZUGSARTNR
ZMS_ZMSDATUM (PK);ZMS_ZMSDATUM
ZMS_ZMSART (PK);ZMS_ZMSART
ZNG_ZEITNACHRICHTID (PK);ZNG_ZEITNACHRICHTID
ZNG_FIRMENNR (PK);ZNG_FIRMENNR
ZNG_MITARBEITERID (PK);ZNG_MITARBEITERID
ZNS_ZEITNACHRICHTID (PK);ZNS_ZEITNACHRICHTID
ZPD_FIRMENNR (PK);ZPD_FIRMENNR
ZPD_ZEITPROFILNR (PK);ZPD_ZEITPROFILNR
ZPD_ZEITPROFILDETAILNR (PK);ZPD_ZEITPROFILDETAILNR
ZPK_FIRMENNR (PK);ZPK_FIRMENNR
ZPK_ZEITPROFILNR (PK);ZPK_ZEITPROFILNR
ZPL_PLANUNG_ID (PK);ZPL_PLANUNG_ID
ZPT_ZPTID (PK);ZPT_ZPTID
ZRB_FIRMENNR (PK);ZRB_FIRMENNR
ZRB_ZRUNDBEDINGUNGNR (PK);ZRB_ZRUNDBEDINGUNGNR
ZRT_ZAHLARTNR (PK);ZRT_ZAHLARTNR
ZSA_MIT_FIRMENNR (PK);ZSA_MIT_FIRMENNR
ZSA_MITARBEITERID (PK);ZSA_MITARBEITERID
ZSA_SALDODATUM (PK);ZSA_SALDODATUM
ZSA_ZBZ_FIRMENNR (PK);ZSA_ZBZ_FIRMENNR
ZSA_ZBEZUGSARTNR (PK);ZSA_ZBEZUGSARTNR
ZSG_BEW_FIRMENNR (PK);ZSG_BEW_FIRMENNR
ZSG_BEWMODELLNR (PK);ZSG_BEWMODELLNR
ZSG_ZSGID (PK);ZSG_ZSGID
ZST_MIT_FIRMENNR (PK);ZST_MIT_FIRMENNR
ZST_MITARBEITERID (PK);ZST_MITARBEITERID
ZST_ZBZ_FIRMENNR (PK);ZST_ZBZ_FIRMENNR
ZST_ZBEZUGSARTNR (PK);ZST_ZBEZUGSARTNR
ZST_SALDODATUM (PK);ZST_SALDODATUM
ZSW_FIRMENNR (PK);ZSW_FIRMENNR
ZSW_MITARBEITERID (PK);ZSW_MITARBEITERID
ZSW_VONDATUM (PK);ZSW_VONDATUM
ZSW_BISDATUM (PK);ZSW_BISDATUM
ZSW_SATZART (PK);ZSW_SATZART
ZTS_TAGESSUM_ID (PK);ZTS_TAGESSUM_ID
ZTV_FIRMENNR (PK);ZTV_FIRMENNR
ZTV_DATUM_VON (PK);ZTV_DATUM_VON
ZTV_DATUM_BIS (PK);ZTV_DATUM_BIS
ZTV_PLANGRLFDNR (PK);ZTV_PLANGRLFDNR
ZTV_ZVMVERSIONLFDNR (PK);ZTV_ZVMVERSIONLFDNR
ZTV_PLG_FIRMENNR (PK);ZTV_PLG_FIRMENNR
ZTV_ZTVID (PK);ZTV_ZTVID
ZUB_BEW_FIRMENNR (PK);ZUB_BEW_FIRMENNR
ZUB_BEWMODELLNR (PK);ZUB_BEWMODELLNR
ZUB_ZBZ_FIRMENNR (PK);ZUB_ZBZ_FIRMENNR
ZUB_ZBEZUGSARTNR (PK);ZUB_ZBEZUGSARTNR
ZUB_BEWERTEBENE (PK);ZUB_BEWERTEBENE
ZUB_ZUBLFDNR (PK);ZUB_ZUBLFDNR
ZUH_MIT_FIRMENNR (PK);ZUH_MIT_FIRMENNR
ZUH_MITARBEITERID (PK);ZUH_MITARBEITERID
ZUH_UMBUCHDATUM (PK);ZUH_UMBUCHDATUM
ZUH_UMBUCHHERKUNFT (PK);ZUH_UMBUCHHERKUNFT
ZUS_ZUSTAENDIGKEITNR (PK);ZUS_ZUSTAENDIGKEITNR
ZUU_ZUUFLAG (PK);ZUU_ZUUFLAG
ZUU_BMDUSERID (PK);ZUU_BMDUSERID
ZUU_FIRMENNR (PK);ZUU_FIRMENNR
ZUU_ZBEZUGSARTNR (PK);ZUU_ZBEZUGSARTNR
ZUU_ZUULFDNR (PK);ZUU_ZUULFDNR
ZUW_UMSATZID (PK);ZUW_UMSATZID
ZUZ_ZUZID (PK);ZUZ_ZUZID
ZVB_LANDNR (PK);ZVB_LANDNR
ZVB_TBFILEFORMAT (PK);ZVB_TBFILEFORMAT
ZVD_FIRMENNR (PK);ZVD_FIRMENNR
ZVD_DATUM_VON (PK);ZVD_DATUM_VON
ZVD_DATUM_BIS (PK);ZVD_DATUM_BIS
ZVD_PLG_FIRMENNR (PK);ZVD_PLG_FIRMENNR
ZVD_PLANGRLFDNR (PK);ZVD_PLANGRLFDNR
ZVD_ZVMVERSIONLFDNR (PK);ZVD_ZVMVERSIONLFDNR
ZVD_ZVDID (PK);ZVD_ZVDID
ZVM_FIRMENNR (PK);ZVM_FIRMENNR
ZVM_DATUM_VON (PK);ZVM_DATUM_VON
ZVM_DATUM_BIS (PK);ZVM_DATUM_BIS
ZVM_PLG_FIRMENNR (PK);ZVM_PLG_FIRMENNR
ZVM_PLANGRLFDNR (PK);ZVM_PLANGRLFDNR
ZVM_ZVMVERSIONLFDNR (PK);ZVM_ZVMVERSIONLFDNR
ZVT_ZVTID (PK);ZVT_ZVTID
ZVZ_ZVZID (PK);ZVZ_ZVZID
ZWR_WAEHRUNGSCODE (PK);ZWR_WAEHRUNGSCODE
ZWR_ZAHLARTNR (PK);ZWR_ZAHLARTNR
ZXA_ZANTRAGID (PK);ZXA_ZANTRAGID
ZXD_ZANTRAGID (PK);ZXD_ZANTRAGID
ZXD_ZAENDERUNGNR (PK);ZXD_ZAENDERUNGNR
ZXF_ZANTRAGID (PK);ZXF_ZANTRAGID
ZXF_ZAENDERUNGNR (PK);ZXF_ZAENDERUNGNR
ZXF_ZAFELDART (PK);ZXF_ZAFELDART
ZXF_ZAFELDNAME (PK);ZXF_ZAFELDNAME
ZZT_ZZTID (PK);ZZT_ZZTID
DAD_ADRESSARTNR (PK);DAD_ADRESSARTNR
DAN_ANREDENR (PK);DAN_ANREDENR
DBA_LANDNR (PK);DBA_LANDNR
DBA_BANKLEITZAHL (PK);DBA_BANKLEITZAHL
DBA_BANKNR (PK);DBA_BANKNR
DBR_LANDNR (PK);DBR_LANDNR
DBR_BRANCHENNR (PK);DBR_BRANCHENNR
DFI_LANDNR (PK);DFI_LANDNR
DFI_FINANZAMTNR (PK);DFI_FINANZAMTNR
DGK_LANDNR (PK);DGK_LANDNR
DGK_GKKNR (PK);DGK_GKKNR
DGM_LANDNR (PK);DGM_LANDNR
DGM_GEMEINDENR (PK);DGM_GEMEINDENR
DGM_LANDNR (PK);DGM_LANDNR
DGM_GERICHTSNR (PK);DGM_GERICHTSNR
DLA_LANDNR (PK);DLA_LANDNR
DLE_STDLEISTUNGSARTNR (PK);DLE_STDLEISTUNGSARTNR
DOR_LANDNR (PK);DOR_LANDNR
DOR_PLZ (PK);DOR_PLZ
DOR_PLZUNTERNR (PK);DOR_PLZUNTERNR
DRE_RELIGIONSNR (PK);DRE_RELIGIONSNR
DRI_REGIONNR (PK);DRI_REGIONNR
DRI_LANDNR (PK);DRI_LANDNR
DSO_LANDNR (PK);DSO_LANDNR
DSO_SOZIALNR (PK);DSO_SOZIALNR
DSP_SPRACHNR (PK);DSP_SPRACHNR
DTE_TELEFONARTNR (PK);DTE_TELEFONARTNR
DTI_TITELNR (PK);DTI_TITELNR
DAM_HAUPTFIRMENNR (PK);DAM_HAUPTFIRMENNR
DAM_SETNAME (PK);DAM_SETNAME
DAM_ZIELFELD (PK);DAM_ZIELFELD
DAZ_DAZID (PK);DAZ_DAZID
DEZ_ERST_NR (PK);DEZ_ERST_NR
DEZ_FIRMENNR (PK);DEZ_FIRMENNR
DHZ_WH_GRP (PK);DHZ_WH_GRP
DHZ_ERST_NR (PK);DHZ_ERST_NR
DHZ_FIRMENNR (PK);DHZ_FIRMENNR
DID_ERST_NR (PK);DID_ERST_NR
DID_ART_NR (PK);DID_ART_NR
DID_DIM_SEQ (PK);DID_DIM_SEQ
DIM_ERST_NR (PK);DIM_ERST_NR
DIM_ART_NR (PK);DIM_ART_NR
DNA_ERST_NR (PK);DNA_ERST_NR
DNA_ART_NR (PK);DNA_ART_NR
DNE_ERST_NR (PK);DNE_ERST_NR
DNI_ERST_NR (PK);DNI_ERST_NR
DNI_DI_SEQ (PK);DNI_DI_SEQ
DSD_ERST_NR (PK);DSD_ERST_NR
DSD_SET_NR (PK);DSD_SET_NR
DSD_SET_KZ (PK);DSD_SET_KZ
DSD_SET_SEQ (PK);DSD_SET_SEQ
DSM_ERST_NR (PK);DSM_ERST_NR
DSM_SET_NR (PK);DSM_SET_NR
DSM_SET_KZ (PK);DSM_SET_KZ
DTD_ERST_NR (PK);DTD_ERST_NR
DTD_TB_NR (PK);DTD_TB_NR
DTD_TB_SEQ (PK);DTD_TB_SEQ
DTM_ERST_NR (PK);DTM_ERST_NR
DTM_TB_NR (PK);DTM_TB_NR
DTZ_DTZID (PK);DTZ_DTZID
DUZ_WH_GRP (PK);DUZ_WH_GRP
DUZ_WU_GRP (PK);DUZ_WU_GRP
DUZ_ERST_NR (PK);DUZ_ERST_NR
DUZ_FIRMENNR (PK);DUZ_FIRMENNR
DWH_ERST_NR (PK);DWH_ERST_NR
DWH_WH_GRP (PK);DWH_WH_GRP
DWU_ERST_NR (PK);DWU_ERST_NR
DWU_WH_GRP (PK);DWU_WH_GRP
DWU_WU_GRP (PK);DWU_WU_GRP
GRD_ERST_NR (PK);GRD_ERST_NR
GRD_GR_NR (PK);GRD_GR_NR
GRD_GR_SEQ (PK);GRD_GR_SEQ
GRM_ERST_NR (PK);GRM_ERST_NR
GRM_GR_NR (PK);GRM_GR_NR
LGD_ERST_NR (PK);LGD_ERST_NR
LGD_ART_NR (PK);LGD_ART_NR
LGD_VERWENDUNG (PK);LGD_VERWENDUNG
LGD_LG_SEQ (PK);LGD_LG_SEQ
LGM_ERST_NR (PK);LGM_ERST_NR
LGM_ART_NR (PK);LGM_ART_NR
LGM_VERWENDUNG (PK);LGM_VERWENDUNG
OSL_ERST_NR (PK);OSL_ERST_NR
OSL_SET_NR (PK);OSL_SET_NR
OSL_ON_SEQ (PK);OSL_ON_SEQ
RGD_ERST_NR (PK);RGD_ERST_NR
RGD_RG_GRP (PK);RGD_RG_GRP
RGD_RG_SEQ (PK);RGD_RG_SEQ
RGM_ERST_NR (PK);RGM_ERST_NR
RGM_RG_GRP (PK);RGM_RG_GRP
ZAD_ERST_NR (PK);ZAD_ERST_NR
ZAD_ART_NR (PK);ZAD_ART_NR
ZAD_ZA_SEQ (PK);ZAD_ZA_SEQ
ZAM_ERST_NR (PK);ZAM_ERST_NR
ZAM_ART_NR (PK);ZAM_ART_NR
ACA_FIRMENNR (PK);ACA_FIRMENNR
ACA_TESTFALLNR (PK);ACA_TESTFALLNR
ACA_TESTFALLAUSWNR (PK);ACA_TESTFALLAUSWNR
ACA_ZAHLREIHE (PK);ACA_ZAHLREIHE
ACA_FIBUNR (PK);ACA_FIBUNR
ACE_FIRMENNR (PK);ACE_FIRMENNR
ACE_FIBUNR (PK);ACE_FIBUNR
ACE_TESTFALLNR (PK);ACE_TESTFALLNR
ACE_EXTTESTFALLNR (PK);ACE_EXTTESTFALLNR
ACF_FIBUNR (PK);ACF_FIBUNR
ACF_FIRMENNR (PK);ACF_FIRMENNR
ACF_TESTFALLNR (PK);ACF_TESTFALLNR
AFB_ANBUFIBID (PK);AFB_ANBUFIBID
AKV_FIRMENNR (PK);AKV_FIRMENNR
AKV_FIBUNR (PK);AKV_FIBUNR
AKV_AUTOLFDNR (PK);AKV_AUTOLFDNR
AVZ_ANBUFIBID (PK);AVZ_ANBUFIBID
AVZ_ANLAGEGUTID (PK);AVZ_ANLAGEGUTID
AVZ_ANBUJOURNALID (PK);AVZ_ANBUJOURNALID
AVZ_BEWRESID (PK);AVZ_BEWRESID
AZZ_FIBUAUSDRDETAILID (PK);AZZ_FIBUAUSDRDETAILID
AZZ_FIRMENNR (PK);AZZ_FIRMENNR
AZZ_FIBUNR (PK);AZZ_FIBUNR
AZZ_GLIEDERUNGSART (PK);AZZ_GLIEDERUNGSART
AZZ_GLIEDERUNGSSCHEMA (PK);AZZ_GLIEDERUNGSSCHEMA
BAP_BUDGETARTIKELPLANID (PK);BAP_BUDGETARTIKELPLANID
BAS_FIRMENNR (PK);BAS_FIRMENNR
BAS_FIBUNR (PK);BAS_FIBUNR
BAS_BUCHUNGID (PK);BAS_BUCHUNGID
BAS_BUCAUFTEILUNGSSATZNR (PK);BAS_BUCAUFTEILUNGSSATZNR
BEX_BUDEXTID (PK);BEX_BUDEXTID
BEZ_FIRMENNR (PK);BEZ_FIRMENNR
BEZ_FIBUNR (PK);BEZ_FIBUNR
BEZ_EINZUGSKREISLFDNR (PK);BEZ_EINZUGSKREISLFDNR
BEZ_BUCHUNGSID (PK);BEZ_BUCHUNGSID
BFO_BRV_ZAHLUNGSID (PK);BFO_BRV_ZAHLUNGSID
BFO_BFOID (PK);BFO_BFOID
BIM_BIMODELLNR (PK);BIM_BIMODELLNR
BIP_BUDINVID (PK);BIP_BUDINVID
BIZ_BUDINVZAHLID (PK);BIZ_BUDINVZAHLID
BKE_BRV_ZAHLUNGSID (PK);BKE_BRV_ZAHLUNGSID
BKE_BKEID (PK);BKE_BKEID
BKR_FIRMENNR (PK);BKR_FIRMENNR
BKR_FIBUNR (PK);BKR_FIBUNR
BKR_EINZUGSKREISLFDNR (PK);BKR_EINZUGSKREISLFDNR
BKS_FIRMENNR (PK);BKS_FIRMENNR
BKS_FIBUNR (PK);BKS_FIBUNR
BKS_BUCHKREISNR (PK);BKS_BUCHKREISNR
BKS_BUSYMBOL (PK);BKS_BUSYMBOL
BML_BMLID (PK);BML_BMLID
BMO_FIRMENNR (PK);BMO_FIRMENNR
BMO_FIBUNR (PK);BMO_FIBUNR
BMO_BUDGETMODELLNR (PK);BMO_BUDGETMODELLNR
BPA_FIRMENNR (PK);BPA_FIRMENNR
BPA_FIBUNR (PK);BPA_FIBUNR
BPA_BUDGETMODELLNR (PK);BPA_BUDGETMODELLNR
BPA_BUDGETJAHR (PK);BPA_BUDGETJAHR
BPA_KONTONR (PK);BPA_KONTONR
BPA_BUART (PK);BPA_BUART
BPA_PLANBIL_KONTONR (PK);BPA_PLANBIL_KONTONR
BRH_FIRMENNR (PK);BRH_FIRMENNR
BRH_FIBUNR (PK);BRH_FIBUNR
BRH_BRHID (PK);BRH_BRHID
BRS_FIRMENNR (PK);BRS_FIRMENNR
BRS_FIBUNR (PK);BRS_FIBUNR
BRS_BRV_BRHID (PK);BRS_BRV_BRHID
BRS_BRV_ZAHLUNGSID (PK);BRS_BRV_ZAHLUNGSID
BRS_ERKONTOAUFTEILSATZNR (PK);BRS_ERKONTOAUFTEILSATZNR
BRV_ZAHLUNGSID (PK);BRV_ZAHLUNGSID
BSN_FIRMENNR (PK);BSN_FIRMENNR
BSN_FIBUNR (PK);BSN_FIBUNR
BSN_BILSTEUERKZ (PK);BSN_BILSTEUERKZ
BSU_BSUID (PK);BSU_BSUID
BTA_BTAID (PK);BTA_BTAID
BTK_BTKID (PK);BTK_BTKID
BTP_BUDTILGID (PK);BTP_BUDTILGID
BUA_FIRMENNR (PK);BUA_FIRMENNR
BUA_FIBUNR (PK);BUA_FIBUNR
BUA_BUART (PK);BUA_BUART
BUC_FIRMENNR (PK);BUC_FIRMENNR
BUC_FIBUNR (PK);BUC_FIBUNR
BUC_BUCHUNGID (PK);BUC_BUCHUNGID
BUD_BUART (PK);BUD_BUART
BUD_FIRMENNR (PK);BUD_FIRMENNR
BUD_FIBUNR (PK);BUD_FIBUNR
BUD_KONTONR (PK);BUD_KONTONR
BUD_BUDGETMODELLNR (PK);BUD_BUDGETMODELLNR
BUD_BUDGETJAHR (PK);BUD_BUDGETJAHR
BUK_FIRMENNR (PK);BUK_FIRMENNR
BUK_FIBUNR (PK);BUK_FIBUNR
BUK_BUCHKREISNR (PK);BUK_BUCHKREISNR
BUP_BUPID (PK);BUP_BUPID
BUS_BUCHSYMID (PK);BUS_BUCHSYMID
BUV_FIRMENNR (PK);BUV_FIRMENNR
BUV_FIBUNR (PK);BUV_FIBUNR
BUV_BUVARIANTE (PK);BUV_BUVARIANTE
BVR_FIRMENNR (PK);BVR_FIRMENNR
BVR_PRUEFKZ (PK);BVR_PRUEFKZ
BVR_BVRID (PK);BVR_BVRID
BVZ_FIRMENNR (PK);BVZ_FIRMENNR
BVZ_FIBUNR (PK);BVZ_FIBUNR
BVZ_BUVARIANTE (PK);BVZ_BUVARIANTE
BVZ_BUART (PK);BVZ_BUART
BWE_WEKID (PK);BWE_WEKID
BZU_FIRMENNR (PK);BZU_FIRMENNR
BZU_FIBUNR (PK);BZU_FIBUNR
BZU_ZUGEORDNETE_FIRMENNR (PK);BZU_ZUGEORDNETE_FIRMENNR
BZU_ZUGEORDNETE_FIBUNR (PK);BZU_ZUGEORDNETE_FIBUNR
BZU_ZUGEORDNETE_BUART (PK);BZU_ZUGEORDNETE_BUART
DKP_FIRMENNR (PK);DKP_FIRMENNR
DKP_FIBUNR (PK);DKP_FIBUNR
DKP_DOKPOOLID (PK);DKP_DOKPOOLID
DOF_FIRMENNR (PK);DOF_FIRMENNR
DOF_FIBUNR (PK);DOF_FIBUNR
DOF_FIBUDOKID (PK);DOF_FIBUDOKID
EAS_FIRMENNR (PK);EAS_FIRMENNR
EAS_FIBUNR (PK);EAS_FIBUNR
EAS_ERFASSNR (PK);EAS_ERFASSNR
EAS_ERFASSUNTERNR (PK);EAS_ERFASSUNTERNR
EAS_ERKONTOAUFTEILSATZNR (PK);EAS_ERKONTOAUFTEILSATZNR
EBK_FIRMENNR (PK);EBK_FIRMENNR
EBK_FIBUNR (PK);EBK_FIBUNR
EBK_KONTONR (PK);EBK_KONTONR
EBP_FIRMENNR (PK);EBP_FIRMENNR
EBP_FIBUNR (PK);EBP_FIBUNR
EBP_ERFASSNR (PK);EBP_ERFASSNR
EBP_EBPNR (PK);EBP_EBPNR
ERB_FIRMENNR (PK);ERB_FIRMENNR
ERB_FIBUNR (PK);ERB_FIBUNR
ERB_ERFASSNR (PK);ERB_ERFASSNR
ERK_FIRMENNR (PK);ERK_FIRMENNR
ERK_FIBUNR (PK);ERK_FIBUNR
ERK_ERFASSNR (PK);ERK_ERFASSNR
ERK_ERFASSUNTERNR (PK);ERK_ERFASSUNTERNR
ERM_ERB_FIRMENNR (PK);ERM_ERB_FIRMENNR
ERM_ERB_FIBUNR (PK);ERM_ERB_FIBUNR
ERM_ERB_ERFASSNR (PK);ERM_ERB_ERFASSNR
ERM_MIT_FIRMENNR (PK);ERM_MIT_FIRMENNR
ERM_MIT_MITARBEITERID (PK);ERM_MIT_MITARBEITERID
ERS_FIRMENNR (PK);ERS_FIRMENNR
ERS_FIBUNR (PK);ERS_FIBUNR
ERS_ERFASSNR (PK);ERS_ERFASSNR
ERS_ERFASSUNTERNR (PK);ERS_ERFASSUNTERNR
ERS_KOSTUNTERNR (PK);ERS_KOSTUNTERNR
ERW_FIRMENNR (PK);ERW_FIRMENNR
ERW_WORKFLOWNR (PK);ERW_WORKFLOWNR
EXT_FIRMENNR (PK);EXT_FIRMENNR
EXT_FIBUNR (PK);EXT_FIBUNR
EXT_EXTJNR (PK);EXT_EXTJNR
FAD_FIBUAUSDRDETAILID (PK);FAD_FIBUAUSDRDETAILID
FAM_FIBUAUSDRMASTERNR (PK);FAM_FIBUAUSDRMASTERNR
FDB_FDHID (PK);FDB_FDHID
FDB_FDBID (PK);FDB_FDBID
FDH_FDHID (PK);FDH_FDHID
FDO_FIRMENNR (PK);FDO_FIRMENNR
FDO_FIBUNR (PK);FDO_FIBUNR
FDO_FIBUDOKID (PK);FDO_FIBUDOKID
FDO_ARCHIVNR (PK);FDO_ARCHIVNR
FDO_DOKUMENTENNR (PK);FDO_DOKUMENTENNR
FIF_FIRMENNR (PK);FIF_FIRMENNR
FIF_FIBUNR (PK);FIF_FIBUNR
FIF_FILIALNR (PK);FIF_FILIALNR
FIX_FIRMENNR (PK);FIX_FIRMENNR
FIX_FIBUNR (PK);FIX_FIBUNR
FIX_FIXKONTENLFDNR (PK);FIX_FIXKONTENLFDNR
FIZ_FIRMENNR (PK);FIZ_FIRMENNR
FIZ_FIBUNR (PK);FIZ_FIBUNR
FIZ_ZUGEORDNETE_FIRMENNR (PK);FIZ_ZUGEORDNETE_FIRMENNR
FIZ_ZUGEORDNETE_FIBUNR (PK);FIZ_ZUGEORDNETE_FIBUNR
FIZ_ZUGEORDNETE_FILIALNR (PK);FIZ_ZUGEORDNETE_FILIALNR
FKE_FIBUKOREID (PK);FKE_FIBUKOREID
FKE_FIRMENNR (PK);FKE_FIRMENNR
FKE_FIBUNR (PK);FKE_FIBUNR
FKV_QUELLE_FIRMENNR (PK);FKV_QUELLE_FIRMENNR
FKV_QUELLE_FIBUNR (PK);FKV_QUELLE_FIBUNR
FKV_ZIEL_FIRMENNR (PK);FKV_ZIEL_FIRMENNR
FKV_ZIEL_FIBUNR (PK);FKV_ZIEL_FIBUNR
FKZ_FIRMENNR (PK);FKZ_FIRMENNR
FKZ_FIBUNR (PK);FKZ_FIBUNR
FKZ_FREIESKZNR (PK);FKZ_FREIESKZNR
FPR_FIRMENNR (PK);FPR_FIRMENNR
FPR_FIBUNR (PK);FPR_FIBUNR
FPR_LANDNR (PK);FPR_LANDNR
FPR_PROZENTSATZ (PK);FPR_PROZENTSATZ
FSK_FSORTKOPFNR (PK);FSK_FSORTKOPFNR
FSO_FSORTKOPFNR (PK);FSO_FSORTKOPFNR
FSO_FSORTPOSNR (PK);FSO_FSORTPOSNR
FSP_FIBUSPALTENKOPFID (PK);FSP_FIBUSPALTENKOPFID
FSU_SORTKOPFNR (PK);FSU_SORTKOPFNR
FSU_SORTPOSNR (PK);FSU_SORTPOSNR
FSU_SUMMENPOSNR (PK);FSU_SUMMENPOSNR
FWF_FIRMENNR (PK);FWF_FIRMENNR
FWF_FIBUNR (PK);FWF_FIBUNR
FZE_FIRMENNR (PK);FZE_FIRMENNR
FZE_FIBUNR (PK);FZE_FIBUNR
FZE_ZAHLSCHLUESSELNR (PK);FZE_ZAHLSCHLUESSELNR
FZE_BUDGETMODELLNR (PK);FZE_BUDGETMODELLNR
FZK_FIRMENNR (PK);FZK_FIRMENNR
FZK_FIBUNR (PK);FZK_FIBUNR
FZK_ZAHLSCHLUESSELNR (PK);FZK_ZAHLSCHLUESSELNR
FZP_BUART (PK);FZP_BUART
FZP_BUDGETMODELLNR (PK);FZP_BUDGETMODELLNR
FZP_FINANZPLANJAHR (PK);FZP_FINANZPLANJAHR
FZP_FIRMENNR (PK);FZP_FIRMENNR
FZP_FIBUNR (PK);FZP_FIBUNR
FZP_KONTONR (PK);FZP_KONTONR
FZU_FIRMENNR (PK);FZU_FIRMENNR
FZU_FIBUNR (PK);FZU_FIBUNR
FZU_ZUGEORDNETE_FIRMENNR (PK);FZU_ZUGEORDNETE_FIRMENNR
FZU_ZUGEORDNETE_FIBUNR (PK);FZU_ZUGEORDNETE_FIBUNR
GKO_FIRMENNR (PK);GKO_FIRMENNR
GKO_FIBUNR (PK);GKO_FIBUNR
GKO_PER_FIRMENNR (PK);GKO_PER_FIRMENNR
GKO_PERSONENID (PK);GKO_PERSONENID
KGV_FIRMENNR (PK);KGV_FIRMENNR
KGV_FIBUNR (PK);KGV_FIBUNR
KGV_LANDNR (PK);KGV_LANDNR
KGV_RECHTSFORMNR (PK);KGV_RECHTSFORMNR
KIM_KIMODELLNR (PK);KIM_KIMODELLNR
KTG_FIRMENNR (PK);KTG_FIRMENNR
KTG_FIBUNR (PK);KTG_FIBUNR
KTG_GRENZENLFDNR (PK);KTG_GRENZENLFDNR
KTK_FIRMENNR (PK);KTK_FIRMENNR
KTK_FIBUNR (PK);KTK_FIBUNR
KTK_KONTENKREISNR (PK);KTK_KONTENKREISNR
KTK_KREIS_KONTENGRUPPE (PK);KTK_KREIS_KONTENGRUPPE
KTO_FIRMENNR (PK);KTO_FIRMENNR
KTO_FIBUNR (PK);KTO_FIBUNR
KTO_KONTONR (PK);KTO_KONTONR
KVE_FIRMENNR (PK);KVE_FIRMENNR
KVE_FIBUNR (PK);KVE_FIBUNR
KVE_VORERFASSID (PK);KVE_VORERFASSID
KVE_KOREERFASSLFDNR (PK);KVE_KOREERFASSLFDNR
KZP_FIRMENNR (PK);KZP_FIRMENNR
KZP_FIBUNR (PK);KZP_FIBUNR
KZP_KZPID (PK);KZP_KZPID
LWP_FIRMENNR (PK);LWP_FIRMENNR
LWP_FIBUNR (PK);LWP_FIBUNR
LWP_LWPID (PK);LWP_LWPID
MAH_FIRMENNR (PK);MAH_FIRMENNR
MAH_FIBUNR (PK);MAH_FIBUNR
MAH_MAHNKREISLFDNR (PK);MAH_MAHNKREISLFDNR
MAH_BUC_BUCHUNGID (PK);MAH_BUC_BUCHUNGID
MAS_FIRMENNR (PK);MAS_FIRMENNR
MAS_FIBUNR (PK);MAS_FIBUNR
MAV_FIRMENNR (PK);MAV_FIRMENNR
MAV_FIBUNR (PK);MAV_FIBUNR
MAV_LANDNR (PK);MAV_LANDNR
MAV_STEUERCODENR (PK);MAV_STEUERCODENR
MAV_PROZENTSATZ (PK);MAV_PROZENTSATZ
MGB_FIRMENNR (PK);MGB_FIRMENNR
MGB_FIBUNR (PK);MGB_FIBUNR
MGB_WAEHRUNGSCODE (PK);MGB_WAEHRUNGSCODE
MKR_FIRMENNR (PK);MKR_FIRMENNR
MKR_FIBUNR (PK);MKR_FIBUNR
MKR_MAHNKREISLFDNR (PK);MKR_MAHNKREISLFDNR
MSU_FIRMENNR (PK);MSU_FIRMENNR
MSU_FIBUNR (PK);MSU_FIBUNR
MSU_MAHNSUMMEID (PK);MSU_MAHNSUMMEID
MVA_MVAID (PK);MVA_MVAID
OPZ_FIRMENNR (PK);OPZ_FIRMENNR
OPZ_FIBUNR (PK);OPZ_FIBUNR
OPZ_OPZSEQID (PK);OPZ_OPZSEQID
PEK_FIRMENNR (PK);PEK_FIRMENNR
PEK_FIBUNR (PK);PEK_FIBUNR
PEK_KONTONR (PK);PEK_KONTONR
PKP_BUDGETPERSKOSTID (PK);PKP_BUDGETPERSKOSTID
PKX_PKXID (PK);PKX_PKXID
RAE_RATENID (PK);RAE_RATENID
RAE_FIRMENNR (PK);RAE_FIRMENNR
RAE_FIBUNR (PK);RAE_FIBUNR
RAE_RATENLFDNR (PK);RAE_RATENLFDNR
RVC_LANDNR (PK);RVC_LANDNR
RVC_RVCCODE (PK);RVC_RVCCODE
SAD_FIRMENNR (PK);SAD_FIRMENNR
SAD_FIBUNR (PK);SAD_FIBUNR
SAD_KONTONR (PK);SAD_KONTONR
SAD_SALDEN_LFDNR (PK);SAD_SALDEN_LFDNR
SAD_SALDEN_KZ (PK);SAD_SALDEN_KZ
SAK_FIRMENNR (PK);SAK_FIRMENNR
SAK_FIBUNR (PK);SAK_FIBUNR
SAK_KONTONR (PK);SAK_KONTONR
SAL_FIRMENNR (PK);SAL_FIRMENNR
SAL_FIBUNR (PK);SAL_FIBUNR
SAL_KONTONR (PK);SAL_KONTONR
SAL_WAEHRUNGSNR (PK);SAL_WAEHRUNGSNR
SKO_FIRMENNR (PK);SKO_FIRMENNR
SKO_FIBUNR (PK);SKO_FIBUNR
SKO_STEUERKONTENID (PK);SKO_STEUERKONTENID
SPN_FIRMENNR (PK);SPN_FIRMENNR
SPN_FIBUNR (PK);SPN_FIBUNR
SPN_SPNLFDNR (PK);SPN_SPNLFDNR
SPS_FIRMENNR (PK);SPS_FIRMENNR
SPS_FIBUNR (PK);SPS_FIBUNR
SPS_PER_FIRMENNR (PK);SPS_PER_FIRMENNR
SPS_PER_PERSONENID (PK);SPS_PER_PERSONENID
SPS_MESSAGEREFID (PK);SPS_MESSAGEREFID
SSC_FIRMENNR (PK);SSC_FIRMENNR
SSC_FIBUNR (PK);SSC_FIBUNR
SSC_LANDNR (PK);SSC_LANDNR
SSC_STEUERSCHLUESSELNR (PK);SSC_STEUERSCHLUESSELNR
STC_LANDNR (PK);STC_LANDNR
STC_STEUERCODENR (PK);STC_STEUERCODENR
STF_FIRMENNR (PK);STF_FIRMENNR
STF_FIBUNR (PK);STF_FIBUNR
STF_LANDNR (PK);STF_LANDNR
STF_STEUERCODENR (PK);STF_STEUERCODENR
STG_STEUERGRUPPENNR (PK);STG_STEUERGRUPPENNR
STG_LANDNR (PK);STG_LANDNR
SVK_FIRMENNR (PK);SVK_FIRMENNR
SVK_FIBUNR (PK);SVK_FIBUNR
SVK_SKONTOVERBUCHKZ (PK);SVK_SKONTOVERBUCHKZ
TFP_FIRMENNR (PK);TFP_FIRMENNR
TFP_PERSONENID (PK);TFP_PERSONENID
TSA_FIRMENNR (PK);TSA_FIRMENNR
TSA_ABLAUFNR (PK);TSA_ABLAUFNR
UVA_STEUER_ERKLNR (PK);UVA_STEUER_ERKLNR
UVA_UVAMODELLLFDNR (PK);UVA_UVAMODELLLFDNR
UVF_STEUER_ERKLNR (PK);UVF_STEUER_ERKLNR
UVF_UVAMODELLLFDNR (PK);UVF_UVAMODELLLFDNR
UVF_FELD_LFDNR (PK);UVF_FELD_LFDNR
UVS_STEUER_ERKLNR (PK);UVS_STEUER_ERKLNR
UVS_UVAMODELLLFDNR (PK);UVS_UVAMODELLLFDNR
UVS_FELD_LFDNR (PK);UVS_FELD_LFDNR
UVS_LANDNR (PK);UVS_LANDNR
UVS_STEUERCODENR (PK);UVS_STEUERCODENR
UVS_USTPROZENTSATZ (PK);UVS_USTPROZENTSATZ
UVW_UVAWERT_SEQID (PK);UVW_UVAWERT_SEQID
VBV_FIRMENNR (PK);VBV_FIRMENNR
VBV_FIBUNR (PK);VBV_FIBUNR
VBV_VORERFASSTYP (PK);VBV_VORERFASSTYP
VBV_VORERFASSBUCHLFDNR (PK);VBV_VORERFASSBUCHLFDNR
VEB_FIRMENNR (PK);VEB_FIRMENNR
VEB_FIBUNR (PK);VEB_FIBUNR
VEB_VORERFASSID (PK);VEB_VORERFASSID
VEU_FIRMENNR (PK);VEU_FIRMENNR
VEU_FIBUNR (PK);VEU_FIBUNR
VEU_VORERFASSID (PK);VEU_VORERFASSID
VEU_SATZNR (PK);VEU_SATZNR
VKP_FIRMENNR (PK);VKP_FIRMENNR
VKP_FIBUNR (PK);VKP_FIBUNR
VKP_VKPID (PK);VKP_VKPID
VSK_FIRMENNR (PK);VSK_FIRMENNR
VSK_FIBUNR (PK);VSK_FIBUNR
VSK_VSKPAKETID (PK);VSK_VSKPAKETID
VSR_FIRMENNR (PK);VSR_FIRMENNR
VSR_FIBUNR (PK);VSR_FIBUNR
VSR_VSRLFDNR (PK);VSR_VSRLFDNR
VWV_LANDNR (PK);VWV_LANDNR
WGB_FIRMENNR (PK);WGB_FIRMENNR
WGB_FIBUNR (PK);WGB_FIBUNR
WGB_WGBID (PK);WGB_WGBID
WGD_FIRMENNR (PK);WGD_FIRMENNR
WGD_FIBUNR (PK);WGD_FIBUNR
WGD_WGBID (PK);WGD_WGBID
WGD_WGDLFDNR (PK);WGD_WGDLFDNR
YAS_AUTOBUCHUNGID (PK);YAS_AUTOBUCHUNGID
YAS_AUFTEILUNGSSATZNR (PK);YAS_AUFTEILUNGSSATZNR
YAS_YBMODELLID (PK);YAS_YBMODELLID
YBM_YBMODELLID (PK);YBM_YBMODELLID
YBU_AUTOBUCHUNGID (PK);YBU_AUTOBUCHUNGID
YBU_YBMODELLID (PK);YBU_YBMODELLID
YKE_AUTOBUCHUNGID (PK);YKE_AUTOBUCHUNGID
YKE_AUTOBUCHKOREID (PK);YKE_AUTOBUCHKOREID
YKE_YBMODELLID (PK);YKE_YBMODELLID
ZBM_FIRMENNR (PK);ZBM_FIRMENNR
ZBM_FIBUNR (PK);ZBM_FIBUNR
ZBM_ZINSKREISLFDNR (PK);ZBM_ZINSKREISLFDNR
ZBM_KONTONR (PK);ZBM_KONTONR
ZBM_ADRESSLFDNR (PK);ZBM_ADRESSLFDNR
ZBR_BUCHUNGID (PK);ZBR_BUCHUNGID
ZBR_FIRMENNR (PK);ZBR_FIRMENNR
ZBR_FIBUNR (PK);ZBR_FIBUNR
ZBR_ZINSKREISLFDNR (PK);ZBR_ZINSKREISLFDNR
ZBS_FIRMENNR (PK);ZBS_FIRMENNR
ZBS_FIBUNR (PK);ZBS_FIBUNR
ZDE_FIRMENNR (PK);ZDE_FIRMENNR
ZDE_FIBUNR (PK);ZDE_FIBUNR
ZDE_ZIKLFDNR (PK);ZDE_ZIKLFDNR
ZDE_ZIBID (PK);ZDE_ZIBID
ZDE_ZDELFDNR (PK);ZDE_ZDELFDNR
ZES_FIRMENNR (PK);ZES_FIRMENNR
ZES_FIBUNR (PK);ZES_FIBUNR
ZES_ZESSKZ (PK);ZES_ZESSKZ
ZIA_FIRMENNR (PK);ZIA_FIRMENNR
ZIA_FIBUNR (PK);ZIA_FIBUNR
ZIA_ZIKLFDNR (PK);ZIA_ZIKLFDNR
ZIA_ZIALFDNR (PK);ZIA_ZIALFDNR
ZIB_FIRMENNR (PK);ZIB_FIRMENNR
ZIB_FIBUNR (PK);ZIB_FIBUNR
ZIB_ZIKLFDNR (PK);ZIB_ZIKLFDNR
ZIB_ZIBID (PK);ZIB_ZIBID
ZIK_FIRMENNR (PK);ZIK_FIRMENNR
ZIK_FIBUNR (PK);ZIK_FIBUNR
ZIK_ZIKLFDNR (PK);ZIK_ZIKLFDNR
ZIN_ZAHLUNGSID (PK);ZIN_ZAHLUNGSID
ZIN_FIRMENNR (PK);ZIN_FIRMENNR
ZIN_FIBUNR (PK);ZIN_FIBUNR
ZKR_FIRMENNR (PK);ZKR_FIRMENNR
ZKR_FIBUNR (PK);ZKR_FIBUNR
ZKR_ZAHLUNGSKREISLFDNR (PK);ZKR_ZAHLUNGSKREISLFDNR
ZKS_FIRMENNR (PK);ZKS_FIRMENNR
ZKS_FIBUNR (PK);ZKS_FIBUNR
ZKS_ZINSKREISLFDNR (PK);ZKS_ZINSKREISLFDNR
ZOE_FIRMENNR (PK);ZOE_FIRMENNR
ZOE_FIBUNR (PK);ZOE_FIBUNR
ZOE_ZOEID (PK);ZOE_ZOEID
ZSU_ZSUID (PK);ZSU_ZSUID
ZVK_FIRMENNR (PK);ZVK_FIRMENNR
ZVK_FIBUNR (PK);ZVK_FIBUNR
ZVK_ZKR_ZAHLUNGSKREISLFDNR (PK);ZVK_ZKR_ZAHLUNGSKREISLFDNR
ZVK_BUC_BUCHUNGSID (PK);ZVK_BUC_BUCHUNGSID
ZZU_FIRMENNR (PK);ZZU_FIRMENNR
ZZU_FIBUNR (PK);ZZU_FIBUNR
ZZU_BUC_BUCHUNGID_RNG (PK);ZZU_BUC_BUCHUNGID_RNG
ZZU_BUC_BUCHUNGID_ZLG (PK);ZZU_BUC_BUCHUNGID_ZLG
ZZU_ZAHLUNG_LFDNR (PK);ZZU_ZAHLUNG_LFDNR
ZZU_ZINSKREISLFDNR (PK);ZZU_ZINSKREISLFDNR
ABD_ABDID (PK);ABD_ABDID
ABG_FIRMENNR (PK);ABG_FIRMENNR
ABG_MITARBEITERID (PK);ABG_MITARBEITERID
ABG_DIENSTVLFDNR (PK);ABG_DIENSTVLFDNR
ABG_JAHR (PK);ABG_JAHR
ABG_MONAT (PK);ABG_MONAT
ABG_LOHNARTID (PK);ABG_LOHNARTID
ABG_PSMISTORG (PK);ABG_PSMISTORG
ABM_ABMID (PK);ABM_ABMID
ABN_ABNID (PK);ABN_ABNID
ABQ_ABSID (PK);ABQ_ABSID
ABS_ABSID (PK);ABS_ABSID
ABS_LOHNJAHR (PK);ABS_LOHNJAHR
ABS_FIRMENNR (PK);ABS_FIRMENNR
ABV_FIRMENNR (PK);ABV_FIRMENNR
ABV_MITARBEITERID (PK);ABV_MITARBEITERID
ABV_DIENSTVLFDNR (PK);ABV_DIENSTVLFDNR
ABV_LOHNJAHR (PK);ABV_LOHNJAHR
ABV_MONAT (PK);ABV_MONAT
ALO_ALOSEQID (PK);ALO_ALOSEQID
AVI_FIRMENNR (PK);AVI_FIRMENNR
AVI_AVISOLFDNR (PK);AVI_AVISOLFDNR
BAR_REISENUMMER (PK);BAR_REISENUMMER
BAR_BARLFDNR (PK);BAR_BARLFDNR
BBK_FIRMENNR (PK);BBK_FIRMENNR
BBK_LOHNJAHR (PK);BBK_LOHNJAHR
BBK_BBKNR (PK);BBK_BBKNR
BFI_BFIFIRMENNR (PK);BFI_BFIFIRMENNR
BGD_BGDID (PK);BGD_BGDID
BGP_GUELTIGAB (PK);BGP_GUELTIGAB
BGP_DBS_DATENBESTANDNR (PK);BGP_DBS_DATENBESTANDNR
BGP_BEITRAGSGRUPPEID (PK);BGP_BEITRAGSGRUPPEID
BGS_BEITRAGSGRUPPEID (PK);BGS_BEITRAGSGRUPPEID
BGU_BGUID (PK);BGU_BGUID
BGZ_BNZEILEID (PK);BGZ_BNZEILEID
BGZ_GUELTIGAB (PK);BGZ_GUELTIGAB
BGZ_DBS_DATENBESTANDNR (PK);BGZ_DBS_DATENBESTANDNR
BMI_BMIID (PK);BMI_BMIID
BMM_FIRMENNR (PK);BMM_FIRMENNR
BMM_MITARBEITERID (PK);BMM_MITARBEITERID
BMM_DIENSTVLFDNR (PK);BMM_DIENSTVLFDNR
BMM_VONDATUM (PK);BMM_VONDATUM
BMM_BISDATUM (PK);BMM_BISDATUM
BMM_MELDUNGSKZ (PK);BMM_MELDUNGSKZ
BRE_BRESEQID (PK);BRE_BRESEQID
BRK_BEARBKZID (PK);BRK_BEARBKZID
BRK_DATENBESTANDNR (PK);BRK_DATENBESTANDNR
BRP_BRPID (PK);BRP_BRPID
BRU_FIRMENNR (PK);BRU_FIRMENNR
BRU_PERSONENID (PK);BRU_PERSONENID
BRU_GUELTIGAB (PK);BRU_GUELTIGAB
BTT_BRESEQID (PK);BTT_BRESEQID
BUE_FIRMENNR (PK);BUE_FIRMENNR
BUE_MITARBEITERID (PK);BUE_MITARBEITERID
BUE_DIENSTVLFDNR (PK);BUE_DIENSTVLFDNR
BUE_LFDNR (PK);BUE_LFDNR
BZS_BNZEILEID (PK);BZS_BNZEILEID
BZT_BZTNR (PK);BZT_BZTNR
BZV_FIRMENNR (PK);BZV_FIRMENNR
BZV_MITARBEITERID (PK);BZV_MITARBEITERID
BZV_DIENSTVLFDNR (PK);BZV_DIENSTVLFDNR
BZV_JAHR (PK);BZV_JAHR
BZV_MONAT (PK);BZV_MONAT
BZV_KONTINGENT (PK);BZV_KONTINGENT
DDS_DDSID (PK);DDS_DDSID
DEI_DATENBESTANDNR (PK);DEI_DATENBESTANDNR
DEI_GUELTIGAB (PK);DEI_GUELTIGAB
DGW_DBSNR (PK);DGW_DBSNR
DGW_GESETZWERTNR (PK);DGW_GESETZWERTNR
DGW_GUELTIGAB (PK);DGW_GUELTIGAB
DNL_DNLID (PK);DNL_DNLID
DNV_FIRMENNR (PK);DNV_FIRMENNR
DNV_TABELLENNAME (PK);DNV_TABELLENNAME
DNV_FELDNAME (PK);DNV_FELDNAME
DNV_DNVLFDNR (PK);DNV_DNVLFDNR
DNV_LOHNJAHR (PK);DNV_LOHNJAHR
DNZ_DIVNLZID (PK);DNZ_DIVNLZID
DRE_DREINSTELLUNGSID (PK);DRE_DREINSTELLUNGSID
DRG_DRGID (PK);DRG_DRGID
DSQ_DSTID (PK);DSQ_DSTID
DST_DSTID (PK);DST_DSTID
DST_LOHNJAHR (PK);DST_LOHNJAHR
DST_FIRMENNR (PK);DST_FIRMENNR
DZA_DBSNR (PK);DZA_DBSNR
DZA_JAHR (PK);DZA_JAHR
DZA_KVID (PK);DZA_KVID
DZA_ANRECHNUNGSART (PK);DZA_ANRECHNUNGSART
DZA_RUHENDSTATUS (PK);DZA_RUHENDSTATUS
DZA_MONAT (PK);DZA_MONAT
DZU_DZUID (PK);DZU_DZUID
DZU_ARCHIVNR (PK);DZU_ARCHIVNR
DZU_DOKUMENTENNR (PK);DZU_DOKUMENTENNR
E18_E18ID (PK);E18_E18ID
EAD_EADID (PK);EAD_EADID
EAE_EAEID (PK);EAE_EAEID
EAF_EAFID (PK);EAF_EAFID
EAV_EAVID (PK);EAV_EAVID
EAW_EAWID (PK);EAW_EAWID
EB2_EBN_BEGR_ID (PK);EB2_EBN_BEGR_ID
EB3_EBN_NEBEN_ID (PK);EB3_EBN_NEBEN_ID
EBG_EBGID (PK);EBG_EBGID
EBN_EBNID (PK);EBN_EBNID
EBV_EBVID (PK);EBV_EBVID
EDA_EDAID (PK);EDA_EDAID
EDK_FIRMENNR (PK);EDK_FIRMENNR
EDK_PERSONENID (PK);EDK_PERSONENID
EDK_LOHNJAHR (PK);EDK_LOHNJAHR
EEF_EEFID (PK);EEF_EEFID
EFH_EFHID (PK);EFH_EFHID
EFP_EFANR (PK);EFP_EFANR
EFP_DBSNR (PK);EFP_DBSNR
EFP_GUELTIGAB (PK);EFP_GUELTIGAB
EFP_EFPGESETZ (PK);EFP_EFPGESETZ
EFP_EFPART (PK);EFP_EFPART
EFW_DATENBESTANDNR (PK);EFW_DATENBESTANDNR
EFW_EFANR (PK);EFW_EFANR
EFW_GUELTIGAB (PK);EFW_GUELTIGAB
EFW_EFPGESETZ (PK);EFW_EFPGESETZ
EFW_EFPART (PK);EFW_EFPART
EFW_DIENSTJAHRE (PK);EFW_DIENSTJAHRE
EFZ_EFANR (PK);EFZ_EFANR
EFZ_DBSNR (PK);EFZ_DBSNR
EGM_EGMID (PK);EGM_EGMID
EGZ_DATENBESTAND (PK);EGZ_DATENBESTAND
EGZ_LOHNJAHR (PK);EGZ_LOHNJAHR
EGZ_ERGAENZUNGNR (PK);EGZ_ERGAENZUNGNR
EKO_EKOID (PK);EKO_EKOID
ELI_ELIID (PK);ELI_ELIID
ELZ_ELZID (PK);ELZ_ELZID
EM2_EM2ID (PK);EM2_EM2ID
EM3_EM3ID (PK);EM3_EM3ID
EM4_EM4ID (PK);EM4_EM4ID
EM5_EM5ID (PK);EM5_EM5ID
EMB_EMBID (PK);EMB_EMBID
EMI_EMIID (PK);EMI_EMIID
ERX_FIRMENNR (PK);ERX_FIRMENNR
ERX_MITARBEITERID (PK);ERX_MITARBEITERID
ERX_DIENSTVLFDNR (PK);ERX_DIENSTVLFDNR
ERX_LOHNJAHR (PK);ERX_LOHNJAHR
ERX_MONAT (PK);ERX_MONAT
ERX_LOHNARTID (PK);ERX_LOHNARTID
ES2_ES2ID (PK);ES2_ES2ID
ESE_ESEID (PK);ESE_ESEID
ESM_ESMID (PK);ESM_ESMID
EVM_EVMID (PK);EVM_EVMID
EVQ_EVQID (PK);EVQ_EVQID
EVR_EVRID (PK);EVR_EVRID
EZT_EZTID (PK);EZT_EZTID
FAG_FIRMENNR (PK);FAG_FIRMENNR
FAG_JAHR (PK);FAG_JAHR
FAG_MONAT (PK);FAG_MONAT
FAK_FAKID (PK);FAK_FAKID
FAW_FAWID (PK);FAW_FAWID
FPZ_FIRMENNR (PK);FPZ_FIRMENNR
FPZ_JAHR (PK);FPZ_JAHR
FPZ_FPZLFDNR (PK);FPZ_FPZLFDNR
FWE_FIXWERTID (PK);FWE_FIXWERTID
GBK_DATENBESTANDNR (PK);GBK_DATENBESTANDNR
GBK_HRSSEQID (PK);GBK_HRSSEQID
GBK_GBKNR (PK);GBK_GBKNR
GKV_SID_KVID (PK);GKV_SID_KVID
GKV_REG_LANDNR (PK);GKV_REG_LANDNR
GKV_REG_REGIONNR (PK);GKV_REG_REGIONNR
GKV_GUELTIGAB (PK);GKV_GUELTIGAB
GKV_DATENBESTANDNR (PK);GKV_DATENBESTANDNR
GVT_FIRMENNR (PK);GVT_FIRMENNR
GVT_MITARBEITERID (PK);GVT_MITARBEITERID
GVT_DIENSTVLFDNR (PK);GVT_DIENSTVLFDNR
GVT_JAHR (PK);GVT_JAHR
GVT_MONAT (PK);GVT_MONAT
GVT_KZ (PK);GVT_KZ
GVT_DVFIRMENNR (PK);GVT_DVFIRMENNR
GVT_FGEMEINDELFDNR (PK);GVT_FGEMEINDELFDNR
GWB_GWUID (PK);GWB_GWUID
GWB_GWBGUELTIGAB (PK);GWB_GWBGUELTIGAB
GWQ_GWZID (PK);GWQ_GWZID
GWU_GWUID (PK);GWU_GWUID
GWZ_LOHNJAHR (PK);GWZ_LOHNJAHR
GWZ_GWZID (PK);GWZ_GWZID
GZJ_DVFIRMENNR (PK);GZJ_DVFIRMENNR
GZJ_FIRMENNR (PK);GZJ_FIRMENNR
GZJ_MITARBEITERID (PK);GZJ_MITARBEITERID
GZJ_GZJNR (PK);GZJ_GZJNR
GZM_DVFIRMENNR (PK);GZM_DVFIRMENNR
GZM_FIRMENNR (PK);GZM_FIRMENNR
GZM_MITARBEITERID (PK);GZM_MITARBEITERID
GZM_JAHR (PK);GZM_JAHR
GZM_GZJNR (PK);GZM_GZJNR
GZM_GZMMONAT (PK);GZM_GZMMONAT
HAD_LOHNAUSDRDETAILID (PK);HAD_LOHNAUSDRDETAILID
HAK_HAKID (PK);HAK_HAKID
HAM_LOHNAUSDRMASTERID (PK);HAM_LOHNAUSDRMASTERID
HIN_HINID (PK);HIN_HINID
HIS_FIRMENNR (PK);HIS_FIRMENNR
HIS_MITARBEITERID (PK);HIS_MITARBEITERID
HIS_DIENSTVLFDNR (PK);HIS_DIENSTVLFDNR
HIS_HISLFDNR (PK);HIS_HISLFDNR
HSA_SORTARTLFDNR (PK);HSA_SORTARTLFDNR
HSK_SORTKOPFSEQNR (PK);HSK_SORTKOPFSEQNR
HSO_SORTKOPFSEQNR (PK);HSO_SORTKOPFSEQNR
HSO_SORTPOSLFDNR (PK);HSO_SORTPOSLFDNR
HSP_LOHNSPALTENKOPFID (PK);HSP_LOHNSPALTENKOPFID
HVB_DBS_DATENBESTANDNR (PK);HVB_DBS_DATENBESTANDNR
HVB_LOHNJAHR (PK);HVB_LOHNJAHR
HVB_HVBLFDNR (PK);HVB_HVBLFDNR
HVP_DBS_DATENBESTANDNR (PK);HVP_DBS_DATENBESTANDNR
HVP_LOHNJAHR (PK);HVP_LOHNJAHR
HVP_HVPLFDNR (PK);HVP_HVPLFDNR
IFR_DBSNR (PK);IFR_DBSNR
IFR_JAHR (PK);IFR_JAHR
IFR_IFRID (PK);IFR_IFRID
IFZ_DBSNR (PK);IFZ_DBSNR
IFZ_JAHR (PK);IFZ_JAHR
IFZ_IFRID (PK);IFZ_IFRID
IFZ_IFZFELDNR (PK);IFZ_IFZFELDNR
IFZ_IFZLFDNR (PK);IFZ_IFZLFDNR
IMS_IMSID (PK);IMS_IMSID
IPD_IPDID (PK);IPD_IPDID
IPM_PGM (PK);IPM_PGM
IPM_DBSNR (PK);IPM_DBSNR
IPM_IPMNR (PK);IPM_IPMNR
IPU_IPUID (PK);IPU_IPUID
KMD_KMDID (PK);KMD_KMDID
KMZ_KMZID (PK);KMZ_KMZID
KOW_HRSSEQID (PK);KOW_HRSSEQID
KOW_KVWERTE_GUELTIGAB (PK);KOW_KVWERTE_GUELTIGAB
KOW_DATENBESTANDNR (PK);KOW_DATENBESTANDNR
KRD_DATENBESTANDNR (PK);KRD_DATENBESTANDNR
KRD_KONTOREFNR (PK);KRD_KONTOREFNR
KRD_KTOREFDETLFDNR (PK);KRD_KTOREFDETLFDNR
KRM_DATENBESTANDNR (PK);KRM_DATENBESTANDNR
KRM_KONTOREFNR (PK);KRM_KONTOREFNR
KSB_KSBID (PK);KSB_KSBID
KSV_KOSTENVERTEILID (PK);KSV_KOSTENVERTEILID
KSZ_KSZID (PK);KSZ_KSZID
KVN_HRSSEQID (PK);KVN_HRSSEQID
KVN_DATENBESTANDNR (PK);KVN_DATENBESTANDNR
KVN_KVNAME_KZ (PK);KVN_KVNAME_KZ
KVN_KVNAME_LFDNR (PK);KVN_KVNAME_LFDNR
KVS_DATENBESTANDNR (PK);KVS_DATENBESTANDNR
KVS_KVNR (PK);KVS_KVNR
KVS_KVNAME_KZ (PK);KVS_KVNAME_KZ
KVS_KVNAME_LFDNR (PK);KVS_KVNAME_LFDNR
KVS_KVTAB_SPALTE (PK);KVS_KVTAB_SPALTE
KVT_HRSSEQID (PK);KVT_HRSSEQID
KVT_KVTAB_KZ (PK);KVT_KVTAB_KZ
KVT_KVTAB_GUELTIGAB (PK);KVT_KVTAB_GUELTIGAB
KVT_KVTAB_SPALTE (PK);KVT_KVTAB_SPALTE
KVT_KVTAB_ZEILE (PK);KVT_KVTAB_ZEILE
KVT_DATENBESTANDNR (PK);KVT_DATENBESTANDNR
KVT_KVTAB_LFDNR (PK);KVT_KVTAB_LFDNR
KVX_HRSSEQID (PK);KVX_HRSSEQID
KVX_DBSNR (PK);KVX_DBSNR
KVX_KAPITEL (PK);KVX_KAPITEL
LAK_KOPPELUNGSID (PK);LAK_KOPPELUNGSID
LAQ_LOHNARTID (PK);LAQ_LOHNARTID
LAR_DBSNR (PK);LAR_DBSNR
LAR_JAHR (PK);LAR_JAHR
LAR_KVID (PK);LAR_KVID
LAR_LAQID (PK);LAR_LAQID
LAR_LFDNR (PK);LAR_LFDNR
LAW_LAWID (PK);LAW_LAWID
LEH_BMDUSERID (PK);LEH_BMDUSERID
LEH_DBS (PK);LEH_DBS
LEH_JAHR (PK);LEH_JAHR
LFI_FIRMENNR (PK);LFI_FIRMENNR
LFI_LOHNJAHR (PK);LFI_LOHNJAHR
LGB_DBSNR (PK);LGB_DBSNR
LGB_JAHR (PK);LGB_JAHR
LGB_KVID (PK);LGB_KVID
LGB_LGVBERECHNR (PK);LGB_LGVBERECHNR
LGF_LGVMAKROID (PK);LGF_LGVMAKROID
LGR_LGRID (PK);LGR_LGRID
LGR_JAHR (PK);LGR_JAHR
LGR_DBSNR (PK);LGR_DBSNR
LGZ_LGRID (PK);LGZ_LGRID
LGZ_JAHR (PK);LGZ_JAHR
LGZ_DBSNR (PK);LGZ_DBSNR
LGZ_LOHNARTID (PK);LGZ_LOHNARTID
LIS_LISID (PK);LIS_LISID
LIT_LOHNINSTID (PK);LIT_LOHNINSTID
LKT_LOHNKONTOID (PK);LKT_LOHNKONTOID
LKV_LKVID (PK);LKV_LKVID
LNS_DBSNR (PK);LNS_DBSNR
LNS_JAHR (PK);LNS_JAHR
LNS_LSENR (PK);LNS_LSENR
LNS_INPUTLAID (PK);LNS_INPUTLAID
LOA_LOHNARTID (PK);LOA_LOHNARTID
LOZ_LEISTUNGLFDNR (PK);LOZ_LEISTUNGLFDNR
LOZ_LOHNARTID (PK);LOZ_LOHNARTID
LPE_LOHNPERSONID (PK);LPE_LOHNPERSONID
LSD_DBSNR (PK);LSD_DBSNR
LSD_LOHNJAHR (PK);LSD_LOHNJAHR
LSD_LSPNR (PK);LSD_LSPNR
LSD_FUNKTIONSNR (PK);LSD_FUNKTIONSNR
LSE_DBSNR (PK);LSE_DBSNR
LSE_JAHR (PK);LSE_JAHR
LSE_LSENR (PK);LSE_LSENR
LSP_DBSNR (PK);LSP_DBSNR
LSP_LOHNJAHR (PK);LSP_LOHNJAHR
LSP_LSPNR (PK);LSP_LSPNR
LVP_KLINR (PK);LVP_KLINR
LVP_PERNR (PK);LVP_PERNR
LVT_TKVID (PK);LVT_TKVID
LVT_DVFIRMENNR (PK);LVT_DVFIRMENNR
LVT_MITARBEITERID (PK);LVT_MITARBEITERID
LVT_DIENSTVLFDNR (PK);LVT_DIENSTVLFDNR
LVT_LOHNARTID (PK);LVT_LOHNARTID
LVT_LOHNJAHR (PK);LVT_LOHNJAHR
LVT_LVTMONAT (PK);LVT_LVTMONAT
LVT_LVTMONAT_AUFR (PK);LVT_LVTMONAT_AUFR
LVT_LVTLFDNR (PK);LVT_LVTLFDNR
LZF_LZFID (PK);LZF_LZFID
LZS_LZSID (PK);LZS_LZSID
LZU_LZUID (PK);LZU_LZUID
MAD_MADID (PK);MAD_MADID
MBM_MBMID (PK);MBM_MBMID
MIV_FIRMENNR (PK);MIV_FIRMENNR
MIV_LOHNJAHR (PK);MIV_LOHNJAHR
MIV_MIVLFDNR (PK);MIV_MIVLFDNR
NLZ_NLZID (PK);NLZ_NLZID
ONM_ONLBEWMERKMALID (PK);ONM_ONLBEWMERKMALID
ONS_ONLBEWID (PK);ONS_ONLBEWID
ONV_ONLBEWVORDIENSTID (PK);ONV_ONLBEWVORDIENSTID
ONZ_ONLBEWID (PK);ONZ_ONLBEWID
ONZ_FIRMENNR (PK);ONZ_FIRMENNR
ONZ_AUSSCHREIBUNGSNR (PK);ONZ_AUSSCHREIBUNGSNR
PFD_PFDID (PK);PFD_PFDID
PFT_DVFIRMENNR (PK);PFT_DVFIRMENNR
PFT_FIRMENNR (PK);PFT_FIRMENNR
PFT_MITARBEITERID (PK);PFT_MITARBEITERID
PFT_JAHR (PK);PFT_JAHR
PFT_GZJNR (PK);PFT_GZJNR
PFT_DIENSTVLFDNR (PK);PFT_DIENSTVLFDNR
PFT_PFTMONAT (PK);PFT_PFTMONAT
PGL_GLIEDERUNGID (PK);PGL_GLIEDERUNGID
PJT_PJTLFDNR (PK);PJT_PJTLFDNR
PJT_FIRMENNR (PK);PJT_FIRMENNR
PJT_MITARBEITERID (PK);PJT_MITARBEITERID
PJT_DIENSTVLFDNR (PK);PJT_DIENSTVLFDNR
PJT_LOHNJAHR (PK);PJT_LOHNJAHR
PKC_DBSNR (PK);PKC_DBSNR
PKC_PKCJAHR (PK);PKC_PKCJAHR
PKC_PKCLFDNR (PK);PKC_PKCLFDNR
PMP_PMPID (PK);PMP_PMPID
PSA_FIRMENNR (PK);PSA_FIRMENNR
PSA_MITARBEITERID (PK);PSA_MITARBEITERID
PSA_DIENSTVLFDNR (PK);PSA_DIENSTVLFDNR
PSA_LOHNJAHR (PK);PSA_LOHNJAHR
PSJ_FIRMENNR (PK);PSJ_FIRMENNR
PSJ_MITARBEITERID (PK);PSJ_MITARBEITERID
PSJ_DIENSTVLFDNR (PK);PSJ_DIENSTVLFDNR
PSJ_LOHNJAHR (PK);PSJ_LOHNJAHR
PSM_FIRMENNR (PK);PSM_FIRMENNR
PSM_MITARBEITERID (PK);PSM_MITARBEITERID
PSM_DIENSTVLFDNR (PK);PSM_DIENSTVLFDNR
PSM_PSMJAHR (PK);PSM_PSMJAHR
PSM_PSMMONAT (PK);PSM_PSMMONAT
PSM_PSMISTORG (PK);PSM_PSMISTORG
PSR_MCSID (PK);PSR_MCSID
PSR_PSJ_FIRMENNR (PK);PSR_PSJ_FIRMENNR
PSR_PSJ_LOHNJAHR (PK);PSR_PSJ_LOHNJAHR
PSR_PSJ_MITARBEITERID (PK);PSR_PSJ_MITARBEITERID
PSR_PSJ_DIENSTVLFDNR (PK);PSR_PSJ_DIENSTVLFDNR
PZE_GLIEDERUNGZEILEID (PK);PZE_GLIEDERUNGZEILEID
REA_REISENUMMER (PK);REA_REISENUMMER
REA_LFDNR (PK);REA_LFDNR
RED_REISENUMMER (PK);RED_REISENUMMER
RED_REDLFDNR (PK);RED_REDLFDNR
REI_REISENUMMER (PK);REI_REISENUMMER
RSO_RSOID (PK);RSO_RSOID
RZI_REISENUMMER (PK);RZI_REISENUMMER
RZI_REISEZIELLFDNR (PK);RZI_REISEZIELLFDNR
RZW_RZWID (PK);RZW_RZWID
SAR_SARID (PK);SAR_SARID
SBA_SBAID (PK);SBA_SBAID
SBB_KST_FIRMENNR (PK);SBB_KST_FIRMENNR
SBB_KST_KORENR (PK);SBB_KST_KORENR
SBB_KST_KOSTENTYP (PK);SBB_KST_KOSTENTYP
SBB_KST_KNOTENREFNR (PK);SBB_KST_KNOTENREFNR
SBB_KST_KOSTENSTAMMNR (PK);SBB_KST_KOSTENSTAMMNR
SBB_SBS_STELLBESCHID (PK);SBB_SBS_STELLBESCHID
SID_HRSSEQID (PK);SID_HRSSEQID
SIR_DATENBESTANDNR (PK);SIR_DATENBESTANDNR
SIR_FROMID (PK);SIR_FROMID
SMA_FIRMENNR (PK);SMA_FIRMENNR
SMA_MITARBEITERID (PK);SMA_MITARBEITERID
SMA_DIENSTVLFDNR (PK);SMA_DIENSTVLFDNR
SMA_LOHNJAHR (PK);SMA_LOHNJAHR
SMA_DBSNR (PK);SMA_DBSNR
SMA_SCHNITTNR (PK);SMA_SCHNITTNR
SNI_DBSNR (PK);SNI_DBSNR
SNI_SCHNITTNR (PK);SNI_SCHNITTNR
SNV_FIRMENNR (PK);SNV_FIRMENNR
SNV_LOHNJAHR (PK);SNV_LOHNJAHR
SNV_DBSNR (PK);SNV_DBSNR
SNV_SCHNITTNR (PK);SNV_SCHNITTNR
SNV_SNVLFDNR (PK);SNV_SNVLFDNR
SPE_SPESENARTID (PK);SPE_SPESENARTID
SPE_LOHNJAHR (PK);SPE_LOHNJAHR
SPE_FIRMENNR (PK);SPE_FIRMENNR
SPQ_SPESENARTID (PK);SPQ_SPESENARTID
SUD_SUDID (PK);SUD_SUDID
SUK_SUKID (PK);SUK_SUKID
SWA_DVFIRMENNR (PK);SWA_DVFIRMENNR
SWA_FIRMENNR (PK);SWA_FIRMENNR
SWA_MITARBEITERID (PK);SWA_MITARBEITERID
SWA_JAHR (PK);SWA_JAHR
SWA_PERIODE (PK);SWA_PERIODE
SWS_SWSID (PK);SWS_SWSID
SZU_SZUID (PK);SZU_SZUID
T18_E18ID (PK);T18_E18ID
TAD_EADID (PK);TAD_EADID
TBG_EBGID (PK);TBG_EBGID
TBR_DATENBESTAND (PK);TBR_DATENBESTAND
TBR_JAHR (PK);TBR_JAHR
TBR_BESCHGR_NR (PK);TBR_BESCHGR_NR
TGP_DATENBESTAND (PK);TGP_DATENBESTAND
TGP_LOHNJAHR (PK);TGP_LOHNJAHR
TGP_TGR_NR (PK);TGP_TGR_NR
TGP_TPT_TARIFZWEIG (PK);TGP_TPT_TARIFZWEIG
TGP_TPT_PROZENTNR (PK);TGP_TPT_PROZENTNR
TGP_TPT_ABMONAT (PK);TGP_TPT_ABMONAT
TGR_DBS_DATENBESTAND (PK);TGR_DBS_DATENBESTAND
TGR_LOHNJAHR (PK);TGR_LOHNJAHR
TGR_TARIFGRUPPENNR (PK);TGR_TARIFGRUPPENNR
THV_DATENBESTANDNR (PK);THV_DATENBESTANDNR
THV_TARIFGR_NR (PK);THV_TARIFGR_NR
TLZ_ELZID (PK);TLZ_ELZID
TMD_FIRMENNR (PK);TMD_FIRMENNR
TMD_MITARBEITERID (PK);TMD_MITARBEITERID
TMD_DIENSTVLFDNR (PK);TMD_DIENSTVLFDNR
TMD_TMDLFDNR (PK);TMD_TMDLFDNR
TML_TMLID (PK);TML_TMLID
TPT_DATENBESTAND (PK);TPT_DATENBESTAND
TPT_LOHNJAHR (PK);TPT_LOHNJAHR
TPT_TARIFZWEIG (PK);TPT_TARIFZWEIG
TPT_PROZENTNR (PK);TPT_PROZENTNR
TPT_ABMONAT (PK);TPT_ABMONAT
TTG_DATENBESTAND (PK);TTG_DATENBESTAND
TTG_LOHNJAHR (PK);TTG_LOHNJAHR
TTG_TGR_NR (PK);TTG_TGR_NR
TTG_EGZ_NR (PK);TTG_EGZ_NR
VZA_DBSNR (PK);VZA_DBSNR
VZA_VZANR (PK);VZA_VZANR
VZZ_FIRMENNR (PK);VZZ_FIRMENNR
VZZ_MITARBEITERID (PK);VZZ_MITARBEITERID
VZZ_DIENSTVLFDNR (PK);VZZ_DIENSTVLFDNR
VZZ_VZZID (PK);VZZ_VZZID
ZTG_ZTGID (PK);ZTG_ZTGID
AMD_FIRMENNR (PK);AMD_FIRMENNR
AMD_KORENR (PK);AMD_KORENR
AMD_AUSWMODELLNR (PK);AMD_AUSWMODELLNR
AMD_MODDET_ID (PK);AMD_MODDET_ID
AMO_FIRMENNR (PK);AMO_FIRMENNR
AMO_KORENR (PK);AMO_KORENR
AMO_AUSWMODELLNR (PK);AMO_AUSWMODELLNR
FWK_FIRMENNR (PK);FWK_FIRMENNR
FWK_KORENR (PK);FWK_KORENR
KAD_AUSDRDETAILID (PK);KAD_AUSDRDETAILID
KAM_AUSDRMASTERNR (PK);KAM_AUSDRMASTERNR
KBA_FIRMENNR (PK);KBA_FIRMENNR
KBA_KORENR (PK);KBA_KORENR
KBA_KOREBAUMNR (PK);KBA_KOREBAUMNR
KBZ_FIRMENNR (PK);KBZ_FIRMENNR
KBZ_KOSTENTYP (PK);KBZ_KOSTENTYP
KBZ_KOSTENSTAMMNR (PK);KBZ_KOSTENSTAMMNR
KBZ_KNOTENREFNR (PK);KBZ_KNOTENREFNR
KBZ_KORENR (PK);KBZ_KORENR
KBZ_KOREBAUMNR (PK);KBZ_KOREBAUMNR
KBZ_PARENTNR (PK);KBZ_PARENTNR
KBZ_PARENTEBENE (PK);KBZ_PARENTEBENE
KBZ_PARENTKNOTENREFNR (PK);KBZ_PARENTKNOTENREFNR
KDI_FIRMENNR (PK);KDI_FIRMENNR
KDI_KORENR (PK);KDI_KORENR
KDI_ISTWERTELFDNR (PK);KDI_ISTWERTELFDNR
KDP_FIRMENNR (PK);KDP_FIRMENNR
KDP_KORENR (PK);KDP_KORENR
KDP_MODELLNR (PK);KDP_MODELLNR
KDP_FIBUNR (PK);KDP_FIBUNR
KDP_KONTONR (PK);KDP_KONTONR
KDP_PLANWERTELFDNR (PK);KDP_PLANWERTELFDNR
KEE_FIRMENNR (PK);KEE_FIRMENNR
KEE_KORENR (PK);KEE_KORENR
KEE_KOPF_SATZKZ (PK);KEE_KOPF_SATZKZ
KEE_KOPF_ERFASSNR (PK);KEE_KOPF_ERFASSNR
KEE_ERF_AUFT_LFDNR (PK);KEE_ERF_AUFT_LFDNR
KEE_ERF_SCHLUESSEL_LFDNR (PK);KEE_ERF_SCHLUESSEL_LFDNR
KEE_ERF_MONATSTEILER_LFDNR (PK);KEE_ERF_MONATSTEILER_LFDNR
KEK_FIRMENNR (PK);KEK_FIRMENNR
KEK_KORENR (PK);KEK_KORENR
KEK_KOPF_SATZKZ (PK);KEK_KOPF_SATZKZ
KEK_KOPF_ERFASSNR (PK);KEK_KOPF_ERFASSNR
KFZ_FIRMENNR (PK);KFZ_FIRMENNR
KFZ_KORENR (PK);KFZ_KORENR
KFZ_FWF_FIRMENNR (PK);KFZ_FWF_FIRMENNR
KFZ_FWF_FIBUNR (PK);KFZ_FWF_FIBUNR
KGL_FIRMENNR (PK);KGL_FIRMENNR
KGL_KORENR (PK);KGL_KORENR
KGL_GLSCHEMANR (PK);KGL_GLSCHEMANR
KGL_GLTEXTNR (PK);KGL_GLTEXTNR
KGL_FIBUNR (PK);KGL_FIBUNR
KGL_KONTONR (PK);KGL_KONTONR
KKV_FIRMENNR (PK);KKV_FIRMENNR
KKV_KORENR (PK);KKV_KORENR
KKV_KOSTENTYP (PK);KKV_KOSTENTYP
KKV_KOSTENSTAMMNR (PK);KKV_KOSTENSTAMMNR
KKV_KNOTENREFNR (PK);KKV_KNOTENREFNR
KKV_FIBUNR (PK);KKV_FIBUNR
KKV_KONTONR (PK);KKV_KONTONR
KMG_FIRMENNR (PK);KMG_FIRMENNR
KMG_KORENR (PK);KMG_KORENR
KMG_KOREMENGENNR (PK);KMG_KOREMENGENNR
KMI_FIRMENNR (PK);KMI_FIRMENNR
KMI_KORENR (PK);KMI_KORENR
KMI_ISTMENGENLFDNR (PK);KMI_ISTMENGENLFDNR
KMP_FIRMENNR (PK);KMP_FIRMENNR
KMP_KORENR (PK);KMP_KORENR
KMP_MODELLNR (PK);KMP_MODELLNR
KMP_KOREMENGENNR (PK);KMP_KOREMENGENNR
KMP_FIBUNR (PK);KMP_FIBUNR
KMP_KONTONR (PK);KMP_KONTONR
KMP_PLANMENGENLFDNR (PK);KMP_PLANMENGENLFDNR
KPK_PLANKZID (PK);KPK_PLANKZID
KPM_FIRMENNR (PK);KPM_FIRMENNR
KPM_KORENR (PK);KPM_KORENR
KPM_MODELLNR (PK);KPM_MODELLNR
KPR_FIRMENNR (PK);KPR_FIRMENNR
KPR_KORENR (PK);KPR_KORENR
KPR_MODELLNR (PK);KPR_MODELLNR
KPR_KOREMENGENNR (PK);KPR_KOREMENGENNR
KPR_PLANPREISLFDNR (PK);KPR_PLANPREISLFDNR
KSC_FIRMENNR (PK);KSC_FIRMENNR
KSC_KORENR (PK);KSC_KORENR
KSC_KENNZ_UEB_UML (PK);KSC_KENNZ_UEB_UML
KSC_SCHLUESSEL (PK);KSC_SCHLUESSEL
KSC_SCHLUESSELART_ISTPLAN (PK);KSC_SCHLUESSELART_ISTPLAN
KSC_SCHLUESSELART_GRENZ (PK);KSC_SCHLUESSELART_GRENZ
KSC_SCHLUESSELMODELLNR (PK);KSC_SCHLUESSELMODELLNR
KSC_SCHLUESSELMONAT (PK);KSC_SCHLUESSELMONAT
KSC_BERECHNUNG_ISTPLAN (PK);KSC_BERECHNUNG_ISTPLAN
KSC_BERECHNUNG_GRENZ (PK);KSC_BERECHNUNG_GRENZ
KSC_BERECHNUNGSMODELLNR (PK);KSC_BERECHNUNGSMODELLNR
KSC_BERECHNUNGSMONAT (PK);KSC_BERECHNUNGSMONAT
KSC_SCHLUESSELUNTERNR (PK);KSC_SCHLUESSELUNTERNR
KSE_FIRMENNR (PK);KSE_FIRMENNR
KSE_KORENR (PK);KSE_KORENR
KSE_KENNZ_UEB_UML (PK);KSE_KENNZ_UEB_UML
KSE_SCHLUESSEL (PK);KSE_SCHLUESSEL
KSE_SCHLUESSELART_ISTPLAN (PK);KSE_SCHLUESSELART_ISTPLAN
KSE_SCHLUESSELART_GRENZ (PK);KSE_SCHLUESSELART_GRENZ
KSE_SCHLUESSELMODELLNR (PK);KSE_SCHLUESSELMODELLNR
KSE_SCHLUESSELMONAT (PK);KSE_SCHLUESSELMONAT
KSE_S_EINGABEUNTERNR (PK);KSE_S_EINGABEUNTERNR
KSK_FIRMENNR (PK);KSK_FIRMENNR
KSK_KORENR (PK);KSK_KORENR
KSK_KENNZ_UEB_UML (PK);KSK_KENNZ_UEB_UML
KSK_SCHLUESSEL (PK);KSK_SCHLUESSEL
KSK_SCHLUESSELART_ISTPLAN (PK);KSK_SCHLUESSELART_ISTPLAN
KSK_SCHLUESSELART_GRENZ (PK);KSK_SCHLUESSELART_GRENZ
KSK_SCHLUESSELMODELLNR (PK);KSK_SCHLUESSELMODELLNR
KSK_SCHLUESSELMONAT (PK);KSK_SCHLUESSELMONAT
KSP_SPALTENKOPFID (PK);KSP_SPALTENKOPFID
KST_FIRMENNR (PK);KST_FIRMENNR
KST_KORENR (PK);KST_KORENR
KST_KOSTENTYP (PK);KST_KOSTENTYP
KST_KOSTENSTAMMNR (PK);KST_KOSTENSTAMMNR
KST_KNOTENREFNR (PK);KST_KNOTENREFNR
KSW_FIRMENNR (PK);KSW_FIRMENNR
KSW_KORENR (PK);KSW_KORENR
KSW_KOSTENTYP (PK);KSW_KOSTENTYP
KSW_KOSTENSTAMMNR (PK);KSW_KOSTENSTAMMNR
KSW_KNOTENREFNR (PK);KSW_KNOTENREFNR
KSW_GUELTIGABJAHRMON (PK);KSW_GUELTIGABJAHRMON
KUR_FIRMENNR (PK);KUR_FIRMENNR
KUR_KORENR (PK);KUR_KORENR
KUR_UMLAGEREIHENFOLGELFDNR (PK);KUR_UMLAGEREIHENFOLGELFDNR
KUV_FIRMENNR (PK);KUV_FIRMENNR
KUV_KORENR (PK);KUV_KORENR
KUV_VARIANTE (PK);KUV_VARIANTE
KVG_QUELLE_FIRMENNR (PK);KVG_QUELLE_FIRMENNR
KVG_QUELLE_KORENR (PK);KVG_QUELLE_KORENR
KVG_ZIEL_FIRMENNR (PK);KVG_ZIEL_FIRMENNR
KVG_ZIEL_KORENR (PK);KVG_ZIEL_KORENR
KZE_FWK_FIRMENNR (PK);KZE_FWK_FIRMENNR
KZE_KORENR (PK);KZE_KORENR
KZE_ZUSCHLAGLFDNR (PK);KZE_ZUSCHLAGLFDNR
KZE_ZUSCHLAGUNTERNR (PK);KZE_ZUSCHLAGUNTERNR
KZK_FWK_FIRMENNR (PK);KZK_FWK_FIRMENNR
KZK_KORENR (PK);KZK_KORENR
KZK_ZUSCHLAGLFDNR (PK);KZK_ZUSCHLAGLFDNR
KZU_FIRMENNR (PK);KZU_FIRMENNR
KZU_KORENR (PK);KZU_KORENR
KZU_ZUGEORDNETE_FIRMENNR (PK);KZU_ZUGEORDNETE_FIRMENNR
KZU_ZUGEORDNETE_KORENR (PK);KZU_ZUGEORDNETE_KORENR
KZZ_FIRMENNR (PK);KZZ_FIRMENNR
KZZ_KORENR (PK);KZZ_KORENR
KZZ_LFDNR (PK);KZZ_LFDNR
PMX_PLANMENGENEXTID (PK);PMX_PLANMENGENEXTID
PWX_PLANWERTEEXTID (PK);PWX_PLANWERTEEXTID
SCX_FIRMENNR (PK);SCX_FIRMENNR
SCX_KORENR (PK);SCX_KORENR
SCX_ABWART (PK);SCX_ABWART
SCX_ERFASSART (PK);SCX_ERFASSART
UDI_FIRMENNR (PK);UDI_FIRMENNR
UDI_KORENR (PK);UDI_KORENR
UDI_VARIANTE (PK);UDI_VARIANTE
UDI_UMLAGEISTLFDNR (PK);UDI_UMLAGEISTLFDNR
UDP_FIRMENNR (PK);UDP_FIRMENNR
UDP_KORENR (PK);UDP_KORENR
UDP_VARIANTE (PK);UDP_VARIANTE
UDP_UMLAGEPLANLFDNR (PK);UDP_UMLAGEPLANLFDNR
UDP_MODELLNR (PK);UDP_MODELLNR
UMI_FIRMENNR (PK);UMI_FIRMENNR
UMI_KORENR (PK);UMI_KORENR
UMI_VARIANTE (PK);UMI_VARIANTE
UMI_UMLAGEISTMGLFDNR (PK);UMI_UMLAGEISTMGLFDNR
UMP_FIRMENNR (PK);UMP_FIRMENNR
UMP_KORENR (PK);UMP_KORENR
UMP_VARIANTE (PK);UMP_VARIANTE
UMP_UMLAGEPLANMGLFDNR (PK);UMP_UMLAGEPLANMGLFDNR
UMP_MODELLNR (PK);UMP_MODELLNR
ZKK_FIRMENNR (PK);ZKK_FIRMENNR
ZKK_KORENR (PK);ZKK_KORENR
ZKK_KOSTENTYP (PK);ZKK_KOSTENTYP
ZKK_KOSTENSTAMMNR (PK);ZKK_KOSTENSTAMMNR
ZKK_KNOTENREFNR (PK);ZKK_KNOTENREFNR
ZKK_FIBUNR (PK);ZKK_FIBUNR
ZKK_KONTONR (PK);ZKK_KONTONR
OAK_KLIENTENNR (PK);OAK_KLIENTENNR
OAK_AKNR (PK);OAK_AKNR
OAS_KLIENTENNR (PK);OAS_KLIENTENNR
OAS_OFAZNR (PK);OAS_OFAZNR
OAS_AZJAHR (PK);OAS_AZJAHR
OAS_AZTAG (PK);OAS_AZTAG
OAU_KLIENTENNR (PK);OAU_KLIENTENNR
OAU_AUFTRAGNR (PK);OAU_AUFTRAGNR
OAU_AUFTRAGSART (PK);OAU_AUFTRAGSART
OAZ_KLIENTENNR (PK);OAZ_KLIENTENNR
OAZ_OFAZNR (PK);OAZ_OFAZNR
OBE_OFBERUFSNR (PK);OBE_OFBERUFSNR
OBG_OFBEITRAGSGRPNR (PK);OBG_OFBEITRAGSGRPNR
OBR_BRNR (PK);OBR_BRNR
OBT_OFBLOBTEXTID (PK);OBT_OFBLOBTEXTID
OBZ_BLZ (PK);OBZ_BLZ
OFA_KLIENTENNR (PK);OFA_KLIENTENNR
OFA_FANR (PK);OFA_FANR
OFI_KLIENTENNR (PK);OFI_KLIENTENNR
OFI_PERSNR (PK);OFI_PERSNR
OFI_PERSUNTERNR (PK);OFI_PERSUNTERNR
OFI_OFKVID (PK);OFI_OFKVID
OFI_LANR (PK);OFI_LANR
OFI_FIXWERTGUELTIGAB (PK);OFI_FIXWERTGUELTIGAB
OFK_KLIENTENNR (PK);OFK_KLIENTENNR
OFK_FKNR (PK);OFK_FKNR
OFM_KLIENTENNR (PK);OFM_KLIENTENNR
OFM_PERSNR (PK);OFM_PERSNR
OFM_PERSUNTERNR (PK);OFM_PERSUNTERNR
OFM_FAMNR (PK);OFM_FAMNR
OGE_KLIENTENNR (PK);OGE_KLIENTENNR
OGE_GEMNR (PK);OGE_GEMNR
OGK_KLIENTENNR (PK);OGK_KLIENTENNR
OGK_GKK_NR (PK);OGK_GKK_NR
OGW_GWNR (PK);OGW_GWNR
OKL_KLIENTENNR (PK);OKL_KLIENTENNR
OKS_KLIENTENNR (PK);OKS_KLIENTENNR
OKS_KOSTENSTELLENNR (PK);OKS_KOSTENSTELLENNR
OKT_KLIENTENNR (PK);OKT_KLIENTENNR
OKT_KOSTENTRAEGERNR (PK);OKT_KOSTENTRAEGERNR
OKV_OFKVID (PK);OKV_OFKVID
OKZ_KFZVERW_LFDNR (PK);OKZ_KFZVERW_LFDNR
OLA_KLIENTENNR (PK);OLA_KLIENTENNR
OLA_OKV_OFKVID (PK);OLA_OKV_OFKVID
OLA_LANR (PK);OLA_LANR
OLE_KLIENTENNR (PK);OLE_KLIENTENNR
OLE_PERSNR (PK);OLE_PERSNR
OLE_PERSUNTERNR (PK);OLE_PERSUNTERNR
OLE_LEISTNR (PK);OLE_LEISTNR
OPD_PIPEDOGLFDNR (PK);OPD_PIPEDOGLFDNR
OPE_KLIENTENNR (PK);OPE_KLIENTENNR
OPE_PERSNR (PK);OPE_PERSNR
OPE_PERSUNTERNR (PK);OPE_PERSUNTERNR
OPK_KLIENTENNR (PK);OPK_KLIENTENNR
OPK_PERSNR (PK);OPK_PERSNR
OPK_PERSUNTERNR (PK);OPK_PERSUNTERNR
OPK_KOSTENSTELLENNR (PK);OPK_KOSTENSTELLENNR
OPL_OFPLZ (PK);OPL_OFPLZ
OPL_STAATENNR (PK);OPL_STAATENNR
ORO_STAATENNR (PK);ORO_STAATENNR
ORO_REGNR (PK);ORO_REGNR
ORS_REISENR (PK);ORS_REISENR
OST_STAATENNR (PK);OST_STAATENNR
OSZ_KLIENTENNR (PK);OSZ_KLIENTENNR
OSZ_SWBKZLFDNR (PK);OSZ_SWBKZLFDNR
OTA_KLIENTENNR (PK);OTA_KLIENTENNR
OTA_TAETIGKEITENNR (PK);OTA_TAETIGKEITENNR
OTE_TEXTID (PK);OTE_TEXTID
OTI_OFTITELNR (PK);OTI_OFTITELNR
OTR_TRANSFERID (PK);OTR_TRANSFERID
OUT_KLIENTENNR (PK);OUT_KLIENTENNR
OUT_ULTIMO_JAHR (PK);OUT_ULTIMO_JAHR
OUT_ULTIMO_MONAT (PK);OUT_ULTIMO_MONAT
OVE_KLIENTENNR (PK);OVE_KLIENTENNR
OVE_VERANTWNR (PK);OVE_VERANTWNR
OVG_OFKVID (PK);OVG_OFKVID
OVG_VGNR (PK);OVG_VGNR
SA1_FIRMENNR (PK);SA1_FIRMENNR
SA1_SAURERID (PK);SA1_SAURERID
SA2_FIRMENNR (PK);SA2_FIRMENNR
SA2_SAURERID (PK);SA2_SAURERID
SA3_FIRMENNR (PK);SA3_FIRMENNR
SA3_SAURERID (PK);SA3_SAURERID
SA4_FIRMENNR (PK);SA4_FIRMENNR
SA4_SAURERID (PK);SA4_SAURERID
AAZ_ARL_ARTIKELNR (PK);AAZ_ARL_ARTIKELNR
AAZ_AUFARTLFDNR (PK);AAZ_AUFARTLFDNR
AAZ_ARL_FIRMENNR (PK);AAZ_ARL_FIRMENNR
AGL_AG_ID (PK);AGL_AG_ID
AGL_AG_PARENT_ID (PK);AGL_AG_PARENT_ID
AGM_PPSKAPAID (PK);AGM_PPSKAPAID
AGM_AGPERSONZULFDNR (PK);AGM_AGPERSONZULFDNR
AIZ_AIZSEQID (PK);AIZ_AIZSEQID
ALK_AP_ID (PK);ALK_AP_ID
ALK_ALKTYP (PK);ALK_ALKTYP
ALN_ALNID (PK);ALN_ALNID
APA_AP_ID (PK);APA_AP_ID
ARR_ART_NR (PK);ARR_ART_NR
ARR_DC_TYP (PK);ARR_DC_TYP
ARR_DC_GRUPPE (PK);ARR_DC_GRUPPE
ARR_ARL_FIRMENNR (PK);ARR_ARL_FIRMENNR
BAL_BALID (PK);BAL_BALID
BAZ_FIRMENNR (PK);BAZ_FIRMENNR
BAZ_BAZ (PK);BAZ_BAZ
BZB_ZEITBUCHUNG_ID (PK);BZB_ZEITBUCHUNG_ID
EKJ_EKJID (PK);EKJ_EKJID
GSM_GSMID (PK);GSM_GSMID
IDP_DELAY_BREAK_ID (PK);IDP_DELAY_BREAK_ID
KGB_PCK_PPSKAPAID (PK);KGB_PCK_PPSKAPAID
KGB_REIHENFOLGE (PK);KGB_REIHENFOLGE
KOC_KOMBI_NR (PK);KOC_KOMBI_NR
KOC_ARL_ARTIKELNR (PK);KOC_ARL_ARTIKELNR
KOC_KOM_FIRMENNR (PK);KOC_KOM_FIRMENNR
KOC_ARL_FIRMENNR (PK);KOC_ARL_FIRMENNR
KOF_FIRMENNR (PK);KOF_FIRMENNR
KOF_KOMID (PK);KOF_KOMID
KOF_KOFLFDNR (PK);KOF_KOFLFDNR
KOK_FIRMENNR (PK);KOK_FIRMENNR
KOK_KOMID (PK);KOK_KOMID
KOM_KOMBI_NR (PK);KOM_KOMBI_NR
KOM_FIRMENNR (PK);KOM_FIRMENNR
KOP_FIRMENNR (PK);KOP_FIRMENNR
KOP_KOMID (PK);KOP_KOMID
KOP_KOPLFDNR (PK);KOP_KOPLFDNR
KOZ_KOMID (PK);KOZ_KOMID
KOZ_FIRMENNR (PK);KOZ_FIRMENNR
KOZ_KOZLFDNR (PK);KOZ_KOZLFDNR
LIN_LINIE (PK);LIN_LINIE
LIN_FIRMENNR (PK);LIN_FIRMENNR
LOK_FIRMENNR (PK);LOK_FIRMENNR
LOK_LOG_NR (PK);LOK_LOG_NR
LOP_FIRMENNR (PK);LOP_FIRMENNR
LOP_LOG_NR (PK);LOP_LOG_NR
LOP_PRIO (PK);LOP_PRIO
LUA_LU_NR (PK);LUA_LU_NR
LUA_POS_SEQ (PK);LUA_POS_SEQ
LUA_ANF_SEQ (PK);LUA_ANF_SEQ
LUA_FIRMENNR (PK);LUA_FIRMENNR
LUE_LU_NR (PK);LUE_LU_NR
LUE_POS_SEQ (PK);LUE_POS_SEQ
LUE_EMPF_SEQ (PK);LUE_EMPF_SEQ
LUE_FIRMENNR (PK);LUE_FIRMENNR
LUK_FIRMENNR (PK);LUK_FIRMENNR
LUK_LU_NR (PK);LUK_LU_NR
LUP_FIRMENNR (PK);LUP_FIRMENNR
LUP_LU_NR (PK);LUP_LU_NR
LUP_POS_SEQ (PK);LUP_POS_SEQ
LVE_LVEID (PK);LVE_LVEID
PBA_PBAID (PK);PBA_PBAID
PBC_CODEPAGE (PK);PBC_CODEPAGE
PBM_MERKMAL (PK);PBM_MERKMAL
PBM_PBSID (PK);PBM_PBSID
PBS_PBSID (PK);PBS_PBSID
PBW_PBWID (PK);PBW_PBWID
PCK_PPSKAPAID (PK);PCK_PPSKAPAID
PCP_PCHARGENID (PK);PCP_PCHARGENID
PCP_PPSPROD_LFDNR (PK);PCP_PPSPROD_LFDNR
PCW_VERWENDUNGSTYP (PK);PCW_VERWENDUNGSTYP
PCW_PCWLFDNR (PK);PCW_PCWLFDNR
PCW_PPSKAPAID (PK);PCW_PPSKAPAID
PCX_PPSKAPAID (PK);PCX_PPSKAPAID
PKD_FIRMENNR (PK);PKD_FIRMENNR
PKD_KM_NR (PK);PKD_KM_NR
PKD_KM_DETAIL_NR (PK);PKD_KM_DETAIL_NR
PKM_FIRMENNR (PK);PKM_FIRMENNR
PKM_KM_NR (PK);PKM_KM_NR
PKS_SOLLKAPAID (PK);PKS_SOLLKAPAID
PLC_PCHARGENID (PK);PLC_PCHARGENID
PLO_FIRMENNR (PK);PLO_FIRMENNR
PLO_PL_NR (PK);PLO_PL_NR
PLP_FIRMENNR (PK);PLP_FIRMENNR
PLP_PLANPERID (PK);PLP_PLANPERID
PPA_PPAID (PK);PPA_PPAID
PPP_PPPID (PK);PPP_PPPID
PPU_PPUID (PK);PPU_PPUID
PRS_FIRMENNR (PK);PRS_FIRMENNR
PRS_PROZESSID (PK);PRS_PROZESSID
PRZ_FIRMENNR (PK);PRZ_FIRMENNR
PRZ_BAZ (PK);PRZ_BAZ
PRZ_PROZESSID (PK);PRZ_PROZESSID
PRZ_BAZ_FIRMENNR (PK);PRZ_BAZ_FIRMENNR
PSP_NR (PK);PSP_NR
PSP_SCHRITT (PK);PSP_SCHRITT
PSP_SEQ (PK);PSP_SEQ
PSP_FIRMENNR (PK);PSP_FIRMENNR
PSS_NR (PK);PSS_NR
PSS_SCHRITT (PK);PSS_SCHRITT
PSS_FIRMENNR (PK);PSS_FIRMENNR
PST_NR (PK);PST_NR
PST_FIRMENNR (PK);PST_FIRMENNR
PTR_NR (PK);PTR_NR
PTR_FIRMENNR (PK);PTR_FIRMENNR
PUC_PUCID (PK);PUC_PUCID
PUS_STATUSFELD (PK);PUS_STATUSFELD
PUS_FIRMENNR (PK);PUS_FIRMENNR
PUS_STATUSVERWENDUNG (PK);PUS_STATUSVERWENDUNG
PUS_STATUSWERT (PK);PUS_STATUSWERT
QDA_QMSETID (PK);QDA_QMSETID
QDA_QMDATALFDNR (PK);QDA_QMDATALFDNR
QDA_QM_TEST_SET (PK);QDA_QM_TEST_SET
QMA_QMARTID (PK);QMA_QMARTID
QMK_QM_KOPF_ID (PK);QMK_QM_KOPF_ID
QST_QM_NR (PK);QST_QM_NR
QST_FIRMENNR (PK);QST_FIRMENNR
R2A_R2AID (PK);R2A_R2AID
RCL_REPCHECKID (PK);RCL_REPCHECKID
REH_FIRMENNR (PK);REH_FIRMENNR
REH_REIHE (PK);REH_REIHE
RIA_RIAID (PK);RIA_RIAID
RIH_RIHID (PK);RIH_RIHID
RPM_RPMID (PK);RPM_RPMID
SCA_SCAID (PK);SCA_SCAID
SCE_SCEID (PK);SCE_SCEID
SCG_SCGID (PK);SCG_SCGID
SCI_SCIID (PK);SCI_SCIID
SCK_SCKID (PK);SCK_SCKID
SCL_SCLID (PK);SCL_SCLID
SCO_SCOID (PK);SCO_SCOID
SCQ_SCQID (PK);SCQ_SCQID
SSK_FIRMENNR (PK);SSK_FIRMENNR
SSK_SAMNR (PK);SSK_SAMNR
SSP_FIRMENNR (PK);SSP_FIRMENNR
SSP_SAMNR (PK);SSP_SAMNR
SSP_SSPNR (PK);SSP_SSPNR
STB_STBID (PK);STB_STBID
STH_STHID (PK);STH_STHID
STO_STOID (PK);STO_STOID
STT_STTID (PK);STT_STTID
SZZ_SZZID (PK);SZZ_SZZID
TLA_TLAID (PK);TLA_TLAID
TLE_TLEID (PK);TLE_TLEID
TLK_TLKID (PK);TLK_TLKID
TLP_TLPID (PK);TLP_TLPID
TLT_TLTID (PK);TLT_TLTID
TLU_TLUID (PK);TLU_TLUID
VFA_VERFAID (PK);VFA_VERFAID
VFD_VERFAID (PK);VFD_VERFAID
VFD_VERFAPOSLFDNR (PK);VFD_VERFAPOSLFDNR
VOB_VOBID (PK);VOB_VOBID
VOP_VOBID (PK);VOP_VOBID
VOP_FIRMENNR (PK);VOP_FIRMENNR
VOP_PERSONENID (PK);VOP_PERSONENID
WEK_WERKZEUGID (PK);WEK_WERKZEUGID
WEK_FIRMENNR (PK);WEK_FIRMENNR
WEZ_BAZ (PK);WEZ_BAZ
WEZ_WERKZEUGID (PK);WEZ_WERKZEUGID
WEZ_FIRMENNR (PK);WEZ_FIRMENNR
WEZ_BAZ_FIRMENNR (PK);WEZ_BAZ_FIRMENNR
WBA_WARTIKELNR (PK);WBA_WARTIKELNR
WBA_FIRMENNR (PK);WBA_FIRMENNR
WBK_FIRMENNR (PK);WBK_FIRMENNR
WBK_WKUNDENNR (PK);WBK_WKUNDENNR
WBK_WKORBNR (PK);WBK_WKORBNR
WBO_WBARNR (PK);WBO_WBARNR
WBO_WBARELEMNR (PK);WBO_WBARELEMNR
WBU_FIRMENNR (PK);WBU_FIRMENNR
WBU_WKUNDENNR (PK);WBU_WKUNDENNR
WBX_FIRMENNR (PK);WBX_FIRMENNR
WBX_WKATEGORIE (PK);WBX_WKATEGORIE
WBX_WTEXTNR (PK);WBX_WTEXTNR
WBX_WSPRACHKZ (PK);WBX_WSPRACHKZ
WFA_FIRMENNR (PK);WFA_FIRMENNR
WFA_WTYP (PK);WFA_WTYP
WFA_WFARBENNR (PK);WFA_WFARBENNR
WFI_FIRMENNR (PK);WFI_FIRMENNR
WFP_FIRMENNR (PK);WFP_FIRMENNR
WFP_WTYP (PK);WFP_WTYP
WFP_WFARBENTABNR (PK);WFP_WFARBENTABNR
WFP_WFARBENPOSNR (PK);WFP_WFARBENPOSNR
WFT_FIRMENNR (PK);WFT_FIRMENNR
WFT_WTYP (PK);WFT_WTYP
WFT_WFARBENTABNR (PK);WFT_WFARBENTABNR
WPR_FIRMENNR (PK);WPR_FIRMENNR
WPR_WPROTOKOLLGUID (PK);WPR_WPROTOKOLLGUID
AAE_AAEID (PK);AAE_AAEID
AAK_ARAKOPFID (PK);AAK_ARAKOPFID
AAP_ARAPOSID (PK);AAP_ARAPOSID
AAR_AARID (PK);AAR_AARID
ACS_ACSID (PK);ACS_ACSID
ADB_ABGABENDETAILID (PK);ADB_ABGABENDETAILID
ADC_FIRMENNR (PK);ADC_FIRMENNR
ADC_RECHNUNGLFDNR (PK);ADC_RECHNUNGLFDNR
ADC_RECHNUNGSPOSLFDNR (PK);ADC_RECHNUNGSPOSLFDNR
ADC_ADCNR (PK);ADC_ADCNR
ADE_ADESEQID (PK);ADE_ADESEQID
ADW_ADWID (PK);ADW_ADWID
ADZ_ARL_FIRMENNR (PK);ADZ_ARL_FIRMENNR
ADZ_ARL_ARTIKELNR (PK);ADZ_ARL_ARTIKELNR
ADZ_DLN_LANDNR (PK);ADZ_DLN_LANDNR
ADZ_DLN_DLCODE (PK);ADZ_DLN_DLCODE
AGB_AG_ID (PK);AGB_AG_ID
AGB_LINIE (PK);AGB_LINIE
AGB_BAZ (PK);AGB_BAZ
AGB_LIN_FIRMENNR (PK);AGB_LIN_FIRMENNR
AGB_BAZ_FIRMENNR (PK);AGB_BAZ_FIRMENNR
AGI_AGISEQID (PK);AGI_AGISEQID
AGN_AG_ID (PK);AGN_AG_ID
AGN_AGPERSONZULFDNR (PK);AGN_AGPERSONZULFDNR
AGP_ARTGRPPOSID (PK);AGP_ARTGRPPOSID
AGS_AG_ID (PK);AGS_AG_ID
AGZ_AG_ID (PK);AGZ_AG_ID
AGZ_AG_PARENT_ID (PK);AGZ_AG_PARENT_ID
AID_ARTIKELIDLFDNR (PK);AID_ARTIKELIDLFDNR
AIV_AIV_ID (PK);AIV_AIV_ID
AKL_KLASSIFIKATIONID (PK);AKL_KLASSIFIKATIONID
AKT_FIRMENNR (PK);AKT_FIRMENNR
AKT_AKTIONSSTAMMNR (PK);AKT_AKTIONSSTAMMNR
AKZ_ARL_FIRMENNR (PK);AKZ_ARL_FIRMENNR
AKZ_ARL_ARTIKELNR (PK);AKZ_ARL_ARTIKELNR
AKZ_KUN_FIRMENNR (PK);AKZ_KUN_FIRMENNR
AKZ_KUN_KLID (PK);AKZ_KUN_KLID
ALS_ALLERGENNR (PK);ALS_ALLERGENNR
ALS_ALSMODUS (PK);ALS_ALSMODUS
ALS_FIRMENNR (PK);ALS_FIRMENNR
ALZ_ARTIKELNR (PK);ALZ_ARTIKELNR
ALZ_KLI_FIRMENNR (PK);ALZ_KLI_FIRMENNR
ALZ_KLID (PK);ALZ_KLID
ALZ_ALLERGENNR (PK);ALZ_ALLERGENNR
ALZ_ALSMODUS (PK);ALZ_ALSMODUS
ALZ_ARL_FIRMENNR (PK);ALZ_ARL_FIRMENNR
ALZ_ALS_FIRMENNR (PK);ALZ_ALS_FIRMENNR
ANO_ARTIKELNORMID (PK);ANO_ARTIKELNORMID
AOZ_ARL_FIRMENNR (PK);AOZ_ARL_FIRMENNR
AOZ_ARL_ARTIKELNR (PK);AOZ_ARL_ARTIKELNR
AOZ_ARTDOKLFDNR (PK);AOZ_ARTDOKLFDNR
APG_FIRMENNR (PK);APG_FIRMENNR
APG_PRODUKTGRPNR (PK);APG_PRODUKTGRPNR
APL_APSTAMM_ID (PK);APL_APSTAMM_ID
APL_FIRMENNR (PK);APL_FIRMENNR
APL_LINIE (PK);APL_LINIE
APS_APSTAMM_ID (PK);APS_APSTAMM_ID
APZ_FIRMENNR (PK);APZ_FIRMENNR
APZ_PAT_PACKSTOFFTABNR (PK);APZ_PAT_PACKSTOFFTABNR
APZ_GUELTIG_AB (PK);APZ_GUELTIG_AB
AQB_APG_FIRMENNR (PK);AQB_APG_FIRMENNR
AQB_APG_PRODUKTGRPNR (PK);AQB_APG_PRODUKTGRPNR
AQB_ARA_KLASSIFIZIERUNG (PK);AQB_ARA_KLASSIFIZIERUNG
AQB_GUELTIG_AB (PK);AQB_GUELTIG_AB
AQB_VERPACKTYP (PK);AQB_VERPACKTYP
ARB_FIRMENNR (PK);ARB_FIRMENNR
ARB_ARTIKELNR (PK);ARB_ARTIKELNR
ARB_BEREICH (PK);ARB_BEREICH
ARK_FIRMENNR (PK);ARK_FIRMENNR
ARK_ARTIKELKLASSE (PK);ARK_ARTIKELKLASSE
ARL_FIRMENNR (PK);ARL_FIRMENNR
ARL_ARTIKELNR (PK);ARL_ARTIKELNR
ARO_APSTAMM_ID (PK);ARO_APSTAMM_ID
ARO_AROTYP (PK);ARO_AROTYP
ARS_FIRMENNR (PK);ARS_FIRMENNR
ARS_STATISTIKLFDNR (PK);ARS_STATISTIKLFDNR
AST_ASTATISTIKID (PK);AST_ASTATISTIKID
ATA_FIRMENNR (PK);ATA_FIRMENNR
ATA_ARTIKELNR (PK);ATA_ARTIKELNR
ATA_WTB_TEXTART (PK);ATA_WTB_TEXTART
ATA_ARTIKELTEXTLFDNR (PK);ATA_ARTIKELTEXTLFDNR
AUL_FIRMENNR (PK);AUL_FIRMENNR
AUL_AULLFDNR (PK);AUL_AULLFDNR
AVE_VORERFID (PK);AVE_VORERFID
AVG_FIRMENNR (PK);AVG_FIRMENNR
AVG_AVGLDFNR (PK);AVG_AVGLDFNR
AVL_VORERFID (PK);AVL_VORERFID
AVL_LIEFDATLFDNR (PK);AVL_LIEFDATLFDNR
AZU_SAG_FIRMENNR (PK);AZU_SAG_FIRMENNR
AZU_SAG_STATISTIKLFDNR (PK);AZU_SAG_STATISTIKLFDNR
AZU_SAG_STATISTIKGRPLFDNR (PK);AZU_SAG_STATISTIKGRPLFDNR
AZU_FIRMENNR (PK);AZU_FIRMENNR
AZU_ARTIKELNR (PK);AZU_ARTIKELNR
BFK_BEFOERDERGKAT (PK);BFK_BEFOERDERGKAT
BKJ_BANKOMATJOURNALID (PK);BKJ_BANKOMATJOURNALID
BOA_BONUSAUSSCHLUSSID (PK);BOA_BONUSAUSSCHLUSSID
BON_BONKOPFID (PK);BON_BONKOPFID
BOP_BONPOSID (PK);BOP_BONPOSID
BOR_BONRABATTID (PK);BOR_BONRABATTID
BOZ_BONZAHLUNGSID (PK);BOZ_BONZAHLUNGSID
BPB_FIRMENNR (PK);BPB_FIRMENNR
BPB_ERFASSUNGSKZ (PK);BPB_ERFASSUNGSKZ
BPB_BESTPRODERFASSUNGSNR (PK);BPB_BESTPRODERFASSUNGSNR
BPB_BESTPOSLFDNR (PK);BPB_BESTPOSLFDNR
BPB_ERFASSPOSDETAILLFDNR (PK);BPB_ERFASSPOSDETAILLFDNR
BPB_ERFASSPOSLBLFDNR (PK);BPB_ERFASSPOSLBLFDNR
BPD_FIRMENNR (PK);BPD_FIRMENNR
BPD_ERFASSUNGSKZ (PK);BPD_ERFASSUNGSKZ
BPD_BESTPRODERFASSUNGSNR (PK);BPD_BESTPRODERFASSUNGSNR
BPD_BESTPOSLFDNR (PK);BPD_BESTPOSLFDNR
BPD_ERFASSPOSDETAILLFDNR (PK);BPD_ERFASSPOSDETAILLFDNR
BPK_FIRMENNR (PK);BPK_FIRMENNR
BPK_ERFASSUNGSKZ (PK);BPK_ERFASSUNGSKZ
BPK_BESTPRODERFASSUNGSNR (PK);BPK_BESTPRODERFASSUNGSNR
BPP_FIRMENNR (PK);BPP_FIRMENNR
BPP_ERFASSUNGSKZ (PK);BPP_ERFASSUNGSKZ
BPP_BESTPRODERFASSUNGSNR (PK);BPP_BESTPRODERFASSUNGSNR
BPP_BESTPOSLFDNR (PK);BPP_BESTPOSLFDNR
BPZ_BPZID (PK);BPZ_BPZID
BSB_BONUSERMKOPFID (PK);BSB_BONUSERMKOPFID
BSB_FIRMENNR (PK);BSB_FIRMENNR
BSB_PERSONENID (PK);BSB_PERSONENID
BSD_BONUSERMDETID (PK);BSD_BONUSERMDETID
BSK_BONUSERMKOPFID (PK);BSK_BONUSERMKOPFID
BSP_BONUSERMPOSID (PK);BSP_BONUSERMPOSID
BVL_BESTELLVORSCHLAGID (PK);BVL_BESTELLVORSCHLAGID
BVL_LIEFERANT_FIRMENNR (PK);BVL_LIEFERANT_FIRMENNR
BVL_LIEFERANT_KLID (PK);BVL_LIEFERANT_KLID
BVO_BESTELLVORSCHLAGID (PK);BVO_BESTELLVORSCHLAGID
CHG_CHARGEIDNR (PK);CHG_CHARGEIDNR
DFR_DFRID (PK);DFR_DFRID
DFR_LFDNR (PK);DFR_LFDNR
DIS_FIRMENNR (PK);DIS_FIRMENNR
DIS_DISPOLFDNR (PK);DIS_DISPOLFDNR
EAK_ERLOESABGKOPFID (PK);EAK_ERLOESABGKOPFID
EAN_FIRMENNR (PK);EAN_FIRMENNR
EAN_EANNUMMER (PK);EAN_EANNUMMER
EAP_ERLOESABGPOSID (PK);EAP_ERLOESABGPOSID
EAR_FIRMENNR (PK);EAR_FIRMENNR
EAR_ARTIKELNR (PK);EAR_ARTIKELNR
EAR_ERNLFDNR (PK);EAR_ERNLFDNR
EDV_ERFRABDETVOR_ID (PK);EDV_ERFRABDETVOR_ID
EDZ_ERFASSDOKUMENTZUID (PK);EDZ_ERFASSDOKUMENTZUID
EEM_FIRMENNR (PK);EEM_FIRMENNR
EEM_EEMTABNR (PK);EEM_EEMTABNR
EEP_FIRMENNR (PK);EEP_FIRMENNR
EEP_EEMTABNR (PK);EEP_EEMTABNR
EEP_EEPTABPOSNR (PK);EEP_EEPTABPOSNR
EEZ_EEZID (PK);EEZ_EEZID
EFA_ERFASSUNGSARTNR (PK);EFA_ERFASSUNGSARTNR
EFK_FIRMENNR (PK);EFK_FIRMENNR
EFK_ERFASSUNGSKZ (PK);EFK_ERFASSUNGSKZ
EFK_ERFASSUNGSNR (PK);EFK_ERFASSUNGSNR
EHP_FIRMENNR (PK);EHP_FIRMENNR
EHP_EINHEITENTABNR (PK);EHP_EINHEITENTABNR
EHP_EINHEITKBEZ (PK);EHP_EINHEITKBEZ
EHT_FIRMENNR (PK);EHT_FIRMENNR
EHT_EINHEITENTABNR (PK);EHT_EINHEITENTABNR
EIN_EINHEITKBEZ (PK);EIN_EINHEITKBEZ
EKK_EKKID (PK);EKK_EKKID
EKL_FIRMENNR (PK);EKL_FIRMENNR
EKL_LIEFERSCHEINLFDNR (PK);EKL_LIEFERSCHEINLFDNR
EKL_ERFASSUNGSKZ (PK);EKL_ERFASSUNGSKZ
EKL_ERFASSUNGSNR (PK);EKL_ERFASSUNGSNR
EKR_FIRMENNR (PK);EKR_FIRMENNR
EKR_RECHNUNGLFDNR (PK);EKR_RECHNUNGLFDNR
EKR_ERFASSUNGSKZ (PK);EKR_ERFASSUNGSKZ
EKR_ERFASSUNGSNR (PK);EKR_ERFASSUNGSNR
EKZ_FIRMENNR (PK);EKZ_FIRMENNR
EKZ_ERLOESAUFWANDKZ (PK);EKZ_ERLOESAUFWANDKZ
ELV_FIRMENNR (PK);ELV_FIRMENNR
ELV_ERFASSUNGSKZ (PK);ELV_ERFASSUNGSKZ
ELV_ERFASSUNGSNR (PK);ELV_ERFASSUNGSNR
ELV_ERFASSPOSLFDNR (PK);ELV_ERFASSPOSLFDNR
ELV_ERFASSPOSORIGLFDNR (PK);ELV_ERFASSPOSORIGLFDNR
ELV_ERFASSPOSLVLFDNR (PK);ELV_ERFASSPOSLVLFDNR
EPF_EPSTKLREFID (PK);EPF_EPSTKLREFID
EPF_EPFLFDNR (PK);EPF_EPFLFDNR
EPR_ERFASSPROVID (PK);EPR_ERFASSPROVID
EPS_EPSTKLISTID (PK);EPS_EPSTKLISTID
EPV_FIRMENNR (PK);EPV_FIRMENNR
EPV_ERFASSUNGSKZ (PK);EPV_ERFASSUNGSKZ
EPV_ERFASSUNGSNR (PK);EPV_ERFASSUNGSNR
EPV_ERFASSPOSLFDNR (PK);EPV_ERFASSPOSLFDNR
EPV_ERFASSPOSORIGLFDNR (PK);EPV_ERFASSPOSORIGLFDNR
EPV_ERFASSPOSRVLFDNR (PK);EPV_ERFASSPOSRVLFDNR
EQI_FIRMENNR (PK);EQI_FIRMENNR
EQI_ERFASSUNGSKZ (PK);EQI_ERFASSUNGSKZ
EQI_ERFASSUNGSNR (PK);EQI_ERFASSUNGSNR
EQI_ERFASSPOSLFDNR (PK);EQI_ERFASSPOSLFDNR
EQI_ERFASSPOSORIGLFDNR (PK);EQI_ERFASSPOSORIGLFDNR
EQI_ERFASSQUELLINFOLFDNR (PK);EQI_ERFASSQUELLINFOLFDNR
ERA_FIRMENNR (PK);ERA_FIRMENNR
ERA_ERFASSRABATTNR (PK);ERA_ERFASSRABATTNR
ERD_ERFRABDET_ID (PK);ERD_ERFRABDET_ID
ERG_ERGID (PK);ERG_ERGID
ERN_ERNLFDNR (PK);ERN_ERNLFDNR
ERO_FIRMENNR (PK);ERO_FIRMENNR
ERO_ERFASSUNGSKZ (PK);ERO_ERFASSUNGSKZ
ERO_ERFASSUNGSNR (PK);ERO_ERFASSUNGSNR
ERO_ERFASSPOSLFDNR (PK);ERO_ERFASSPOSLFDNR
ERO_ERFASSPOSORIGLFDNR (PK);ERO_ERFASSPOSORIGLFDNR
ERP_FIRMENNR (PK);ERP_FIRMENNR
ERP_ERFASSUNGSKZ (PK);ERP_ERFASSUNGSKZ
ERP_ERFASSUNGSNR (PK);ERP_ERFASSUNGSNR
ERP_ERFASSPOSLFDNR (PK);ERP_ERFASSPOSLFDNR
ERT_FIRMENNR (PK);ERT_FIRMENNR
ERT_ERFASSTEXTNR (PK);ERT_ERFASSTEXTNR
ERZ_FIRMENNR (PK);ERZ_FIRMENNR
ERZ_ERFASSUNGSKZ (PK);ERZ_ERFASSUNGSKZ
ESD_ESDID (PK);ESD_ESDID
ESZ_ESZSEQID (PK);ESZ_ESZSEQID
ETK_FIRMENNR (PK);ETK_FIRMENNR
ETK_ETIKETT_KLASSE (PK);ETK_ETIKETT_KLASSE
FAT_FIRMENNR (PK);FAT_FIRMENNR
FAT_FARBENTABNR (PK);FAT_FARBENTABNR
FEA_FEAID (PK);FEA_FEAID
FED_FEHID (PK);FED_FEHID
FED_FEPTYP (PK);FED_FEPTYP
FEH_FEHID (PK);FEH_FEHID
FGT_FIRMENNR (PK);FGT_FIRMENNR
FGT_FREMDGUTSCHEINTYPLFDNR (PK);FGT_FREMDGUTSCHEINTYPLFDNR
FMJ_JOURNALNR (PK);FMJ_JOURNALNR
FMJ_JOURNALDETAILNR (PK);FMJ_JOURNALDETAILNR
FRB_FIRMENNR (PK);FRB_FIRMENNR
FRB_FARBENNR (PK);FRB_FARBENNR
FTP_FARBENNR (PK);FTP_FARBENNR
FTP_FAT_FIRMENNR (PK);FTP_FAT_FIRMENNR
FTP_FARBENTABNR (PK);FTP_FARBENTABNR
GEF_GEFGUTID (PK);GEF_GEFGUTID
GEK_GEFGUTKOPFID (PK);GEK_GEFGUTKOPFID
GEP_GEFGUTKOPFID (PK);GEP_GEFGUTKOPFID
GEP_GEFGUTPOSLFDNR (PK);GEP_GEFGUTPOSLFDNR
GLU_GELDLADENZUORDID (PK);GLU_GELDLADENZUORDID
GRO_FIRMENNR (PK);GRO_FIRMENNR
GRO_GROESSENKBEZ (PK);GRO_GROESSENKBEZ
GRT_FIRMENNR (PK);GRT_FIRMENNR
GRT_GROESSENTABNR (PK);GRT_GROESSENTABNR
GSA_GSAID (PK);GSA_GSAID
GSF_GUTSCHEINFILDATENID (PK);GSF_GUTSCHEINFILDATENID
GSK_GUTSCHEINKOPFID (PK);GSK_GUTSCHEINKOPFID
GSP_GUTSCHEINPOSID (PK);GSP_GUTSCHEINPOSID
GTP_GROESSENKBEZ (PK);GTP_GROESSENKBEZ
GTP_GRT_FIRMENNR (PK);GTP_GRT_FIRMENNR
GTP_GROESSENTABNR (PK);GTP_GROESSENTABNR
GZG_GELDZAEHLUNGLFDNR (PK);GZG_GELDZAEHLUNGLFDNR
GZG_GELDZAEHLKOPFID (PK);GZG_GELDZAEHLKOPFID
GZK_GELDZAEHLKOPFID (PK);GZK_GELDZAEHLKOPFID
GZU_FIRMENNR (PK);GZU_FIRMENNR
GZU_GEFZU_LFDNR (PK);GZU_GEFZU_LFDNR
HAZ_FIRMENNR (PK);HAZ_FIRMENNR
HAZ_ARL_FIRMENNR (PK);HAZ_ARL_FIRMENNR
HAZ_ARL_ARTIKELNR (PK);HAZ_ARL_ARTIKELNR
HBT_HBTID (PK);HBT_HBTID
IAK_IAKSEQID (PK);IAK_IAKSEQID
IAP_IAPSEQID (PK);IAP_IAPSEQID
IPR_IPRID (PK);IPR_IPRID
IVK_INVKOPFID (PK);IVK_INVKOPFID
IVP_INVPOSID (PK);IVP_INVPOSID
KAE_KASSENEINAUSGABENID (PK);KAE_KASSENEINAUSGABENID
KAI_KAI_GUID (PK);KAI_KAI_GUID
KAJ_FIRMENNR (PK);KAJ_FIRMENNR
KAJ_FILIALNR (PK);KAJ_FILIALNR
KAJ_KASSENJOURLFDNR (PK);KAJ_KASSENJOURLFDNR
KAK_KASSENKOPFID (PK);KAK_KASSENKOPFID
KAP_KASSENPOSID (PK);KAP_KASSENPOSID
KAR_AB_DATUM (PK);KAR_AB_DATUM
KAR_ARL_FIRMENNR (PK);KAR_ARL_FIRMENNR
KAR_ARL_ARTIKELNR (PK);KAR_ARL_ARTIKELNR
KAR_KLI_FIRMENNR (PK);KAR_KLI_FIRMENNR
KAR_KLI_KLID (PK);KAR_KLI_KLID
KAS_FIRMENNR (PK);KAS_FIRMENNR
KAS_KASSENNR (PK);KAS_KASSENNR
KBE_KASSEBUCHEINZELNWID (PK);KBE_KASSEBUCHEINZELNWID
KEP_KASSENERFASSPROTID (PK);KEP_KASSENERFASSPROTID
KFG_FIRMENNR (PK);KFG_FIRMENNR
KFG_BETRAGGRKZ (PK);KFG_BETRAGGRKZ
KGD_GELDLADENID (PK);KGD_GELDLADENID
KGS_AGS_AG_ID (PK);KGS_AGS_AG_ID
KGS_REIHENFOLGE (PK);KGS_REIHENFOLGE
KKK_FIRMENNR (PK);KKK_FIRMENNR
KKK_KREDITKARTENARTNR (PK);KKK_KREDITKARTENARTNR
KKK_KREDITKARTENKONTOLFDNR (PK);KKK_KREDITKARTENKONTOLFDNR
KMA_FIRMENNR (PK);KMA_FIRMENNR
KMA_BEZUGSLFDNR (PK);KMA_BEZUGSLFDNR
KPA_KPAID (PK);KPA_KPAID
KPA_JAHR (PK);KPA_JAHR
KPA_MONAT (PK);KPA_MONAT
KPO_KASSENPROVID (PK);KPO_KASSENPROVID
KRA_KASSENRABATTID (PK);KRA_KASSENRABATTID
KSD_KASSENSUMMENDETID (PK);KSD_KASSENSUMMENDETID
KSM_KASSENSUMMENID (PK);KSM_KASSENSUMMENID
KSU_KASSENSUMMENKOPFID (PK);KSU_KASSENSUMMENKOPFID
KTA_KTAID (PK);KTA_KTAID
KTA_KTAPOSNR (PK);KTA_KTAPOSNR
KUK_KUKID (PK);KUK_KUKID
KZA_KZAID (PK);KZA_KZAID
LAA_FIRMENNR (PK);LAA_FIRMENNR
LAA_LAGERARTNR (PK);LAA_LAGERARTNR
LAD_LADSEQID (PK);LAD_LADSEQID
LAG_FIRMENNR (PK);LAG_FIRMENNR
LAG_LAGERNR (PK);LAG_LAGERNR
LAJ_FIRMENNR (PK);LAJ_FIRMENNR
LAJ_LAGERJOURNALLFDNR (PK);LAJ_LAGERJOURNALLFDNR
LAP_FIRMENNR (PK);LAP_FIRMENNR
LAP_LAGERNR (PK);LAP_LAGERNR
LAP_LAGERPLATZ (PK);LAP_LAGERPLATZ
LAT_LIEFERANTENARTIKELID (PK);LAT_LIEFERANTENARTIKELID
LBD_LBDID (PK);LBD_LBDID
LBK_FIRMENNR (PK);LBK_FIRMENNR
LBK_LAGERBUCHKENNZ (PK);LBK_LAGERBUCHKENNZ
LFS_LIEFERSCHEINLFDNR (PK);LFS_LIEFERSCHEINLFDNR
LFS_FIRMENNR (PK);LFS_FIRMENNR
LGW_FIRMENNR (PK);LGW_FIRMENNR
LGW_LAGERNR (PK);LGW_LAGERNR
LIB_LIEFERBNR (PK);LIB_LIEFERBNR
LKM_FIRMENNR (PK);LKM_FIRMENNR
LKM_LAGERKONTOLFDNR (PK);LKM_LAGERKONTOLFDNR
LKM_JAHR (PK);LKM_JAHR
LKM_MONAT (PK);LKM_MONAT
LKO_FIRMENNR (PK);LKO_FIRMENNR
LKO_LAGERKONTOLFDNR (PK);LKO_LAGERKONTOLFDNR
LMA_LMAID (PK);LMA_LMAID
LMB_FIRMENNR (PK);LMB_FIRMENNR
LMB_LAGMINMAXBESTLFDNR (PK);LMB_LAGMINMAXBESTLFDNR
LMS_FIRMENNR (PK);LMS_FIRMENNR
LMS_MAHNSCHEMANR (PK);LMS_MAHNSCHEMANR
LMW_FIRMENNR (PK);LMW_FIRMENNR
LMW_LAGERNR (PK);LMW_LAGERNR
LMW_MONAT (PK);LMW_MONAT
LMW_JAHR (PK);LMW_JAHR
LPM_FIRMENNR (PK);LPM_FIRMENNR
LPM_LAGERNR (PK);LPM_LAGERNR
LPM_LAGERPLATZ (PK);LPM_LAGERPLATZ
LPM_JAHR (PK);LPM_JAHR
LPM_MONAT (PK);LPM_MONAT
LPO_FIRMENNR (PK);LPO_FIRMENNR
LPO_LIEFERSCHEINLFDNR (PK);LPO_LIEFERSCHEINLFDNR
LPO_LIEFERSCHEINPOSLFDNR (PK);LPO_LIEFERSCHEINPOSLFDNR
LPW_FIRMENNR (PK);LPW_FIRMENNR
LPW_LAGERNR (PK);LPW_LAGERNR
LPW_LAGERPLATZ (PK);LPW_LAGERPLATZ
LSG_FIRMENNR (PK);LSG_FIRMENNR
LSG_LFSHAUPTGRUPPE (PK);LSG_LFSHAUPTGRUPPE
LSG_LFSUNTERGRUPPE (PK);LSG_LFSUNTERGRUPPE
MDA_MDEARTID (PK);MDA_MDEARTID
MDE_MOBDATERFID (PK);MDE_MOBDATERFID
MOK_FIRMENNR (PK);MOK_FIRMENNR
MOK_MODELLKOPFGUID (PK);MOK_MODELLKOPFGUID
MOP_FIRMENNR (PK);MOP_FIRMENNR
MOP_MODELLKOPFGUID (PK);MOP_MODELLKOPFGUID
MOP_STKLISTKOPFID (PK);MOP_STKLISTKOPFID
MPD_FIRMENNR (PK);MPD_FIRMENNR
MPD_MODELLKOPFGUID (PK);MPD_MODELLKOPFGUID
MPD_STKLISTPOSID (PK);MPD_STKLISTPOSID
MPD_STKLISTPOSLFDNR (PK);MPD_STKLISTPOSLFDNR
NOR_NORMID (PK);NOR_NORMID
PAB_FIRMENNR (PK);PAB_FIRMENNR
PAB_PABLFDNR (PK);PAB_PABLFDNR
PAC_FIRMENNR (PK);PAC_FIRMENNR
PAC_PACKSTOFFNR (PK);PAC_PACKSTOFFNR
PAN_FIRMENNR (PK);PAN_FIRMENNR
PAN_PABLFDNR (PK);PAN_PABLFDNR
PAN_PANLFDNR (PK);PAN_PANLFDNR
PAP_FIRMENNR (PK);PAP_FIRMENNR
PAP_PACKSTOFFTABNR (PK);PAP_PACKSTOFFTABNR
PAP_PACKSTOFFTABPOSNR (PK);PAP_PACKSTOFFTABPOSNR
PAS_FIRMENNR (PK);PAS_FIRMENNR
PAS_PACKSTOFFNR (PK);PAS_PACKSTOFFNR
PAS_PACKSTOFF_ABDATUM (PK);PAS_PACKSTOFF_ABDATUM
PAT_FIRMENNR (PK);PAT_FIRMENNR
PAT_PACKSTOFFTABNR (PK);PAT_PACKSTOFFTABNR
PAV_PAV_PAVID (PK);PAV_PAV_PAVID
PDG_PDGID (PK);PDG_PDGID
PEA_PICID (PK);PEA_PICID
PEA_PICARTIKELNR (PK);PEA_PICARTIKELNR
PEA_EANNUMMER (PK);PEA_EANNUMMER
PET_FIRMENNR (PK);PET_FIRMENNR
PET_PREISTABNR (PK);PET_PREISTABNR
PFR_PICID (PK);PFR_PICID
PFR_PICFARBENNR (PK);PFR_PICFARBENNR
PGA_PICID (PK);PGA_PICID
PGA_PGPLFDNR (PK);PGA_PGPLFDNR
PGA_PGILFDNR (PK);PGA_PGILFDNR
PGA_PICARTIKELNR (PK);PGA_PICARTIKELNR
PGI_PICID (PK);PGI_PICID
PGI_PGPLFDNR (PK);PGI_PGPLFDNR
PGI_PGILFDNR (PK);PGI_PGILFDNR
PGO_PICID (PK);PGO_PICID
PGO_PICGROESSENKBEZ (PK);PGO_PICGROESSENKBEZ
PGP_PICID (PK);PGP_PICID
PGP_PGPLFDNR (PK);PGP_PGPLFDNR
PIA_PICID (PK);PIA_PICID
PIA_PICARTIKELNR (PK);PIA_PICARTIKELNR
PIB_PIRID (PK);PIB_PIRID
PIB_PIBLFDNR (PK);PIB_PIBLFDNR
PIC_PICID (PK);PIC_PICID
PID_PIDID (PK);PID_PIDID
PIE_PICID (PK);PIE_PICID
PIE_PICARTIKELNR (PK);PIE_PICARTIKELNR
PIE_EINHEITKBEZ (PK);PIE_EINHEITKBEZ
PIF_PICID (PK);PIF_PICID
PIF_FIRMENNR (PK);PIF_FIRMENNR
PIF_KLID (PK);PIF_KLID
PIF_KLI_KZ (PK);PIF_KLI_KZ
PIG_PICID (PK);PIG_PICID
PIG_PIGHAUPTGRNR (PK);PIG_PIGHAUPTGRNR
PIG_PIGUNTERGRNR (PK);PIG_PIGUNTERGRNR
PIH_PICID (PK);PIH_PICID
PIH_SPRACHNR (PK);PIH_SPRACHNR
PII_PICID (PK);PII_PICID
PII_PIIHAUPTGRNR (PK);PII_PIIHAUPTGRNR
PII_PIIUNTERGRNR (PK);PII_PIIUNTERGRNR
PIJ_PICID (PK);PIJ_PICID
PIJ_FIRMENNR (PK);PIJ_FIRMENNR
PIJ_KUNDENHAUPTGRNR (PK);PIJ_KUNDENHAUPTGRNR
PIJ_KUNDENUNTERGRNR (PK);PIJ_KUNDENUNTERGRNR
PIJ_KLI_KZ (PK);PIJ_KLI_KZ
PIK_PICID (PK);PIK_PICID
PIK_ARCHIVNR (PK);PIK_ARCHIVNR
PIK_DOCSKATEGORIEKZ (PK);PIK_DOCSKATEGORIEKZ
PIK_DOCSKATEGORIELFDNR (PK);PIK_DOCSKATEGORIELFDNR
PIL_PILID (PK);PIL_PILID
PIN_PICID (PK);PIN_PICID
PIN_DATANORM_ANBINDEART (PK);PIN_DATANORM_ANBINDEART
PIO_PIOID (PK);PIO_PIOID
PIR_PIRID (PK);PIR_PIRID
PIS_PIDID (PK);PIS_PIDID
PIS_PISLFDNR (PK);PIS_PISLFDNR
PIW_PICID (PK);PIW_PICID
PIW_PIWHAUPTGRNR (PK);PIW_PIWHAUPTGRNR
PIW_PIWUNTERGRNR (PK);PIW_PIWUNTERGRNR
PIZ_PICID (PK);PIZ_PICID
PIZ_ARL_FIRMENNR (PK);PIZ_ARL_FIRMENNR
PIZ_ARL_ARTIKELNR (PK);PIZ_ARL_ARTIKELNR
PJO_PJOID (PK);PJO_PJOID
PLD_PICID (PK);PLD_PICID
PLD_PLSMODUS (PK);PLD_PLSMODUS
PLD_ALLERGENNR (PK);PLD_ALLERGENNR
PLD_PICARTIKELNR (PK);PLD_PICARTIKELNR
PLS_PICID (PK);PLS_PICID
PLS_PLSMODUS (PK);PLS_PLSMODUS
PLS_ALLERGENNR (PK);PLS_ALLERGENNR
PRE_PIA_PICID (PK);PRE_PIA_PICID
PRE_PICARTIKELNR (PK);PRE_PICARTIKELNR
PRE_PICID (PK);PRE_PICID
PRE_KEYNAME (PK);PRE_KEYNAME
PRN_PICID (PK);PRN_PICID
PRN_KEYNAME (PK);PRN_KEYNAME
PRP_PROVTABPOSID (PK);PRP_PROVTABPOSID
PSG_FIRMENNR (PK);PSG_FIRMENNR
PSG_PREISHAUPTGRNR (PK);PSG_PREISHAUPTGRNR
PSG_PREISUNTERGRNR (PK);PSG_PREISUNTERGRNR
PSY_PICID (PK);PSY_PICID
PSY_PSYTYPE (PK);PSY_PSYTYPE
PTP_FIRMENNR (PK);PTP_FIRMENNR
PTP_PREISTABNR (PK);PTP_PREISTABNR
PTP_PREISTABPOSNR (PK);PTP_PREISTABPOSNR
PTS_FIRMENNR (PK);PTS_FIRMENNR
PTS_PREISTABNR (PK);PTS_PREISTABNR
PTS_PREISTABPOSNR (PK);PTS_PREISTABPOSNR
PTS_PREISSTAFFELNR (PK);PTS_PREISSTAFFELNR
PTZ_PREISTABZUNR (PK);PTZ_PREISTABZUNR
PUI_PICID_HAUPT (PK);PUI_PICID_HAUPT
PUI_PIA_PICARTIKELNR_HAUPT (PK);PUI_PIA_PICARTIKELNR_HAUPT
PUI_PUILFDNR (PK);PUI_PUILFDNR
PVK_PROVTABID (PK);PVK_PROVTABID
PVZ_PROVTABZUID (PK);PVZ_PROVTABZUID
PWA_PWKID (PK);PWA_PWKID
PWA_FIRMENNR (PK);PWA_FIRMENNR
PWA_ARTIKELNR (PK);PWA_ARTIKELNR
PWB_PWKID (PK);PWB_PWKID
PWB_FIRMENNR (PK);PWB_FIRMENNR
PWB_RABTABNR (PK);PWB_RABTABNR
PWE_PWKID (PK);PWE_PWKID
PWE_FIRMENNR (PK);PWE_FIRMENNR
PWE_PREISTABNR (PK);PWE_PREISTABNR
PWF_PWKID (PK);PWF_PWKID
PWF_FIRMENNR (PK);PWF_FIRMENNR
PWK_PWKID (PK);PWK_PWKID
PWP_PWKID (PK);PWP_PWKID
PWP_PWPLFDNR (PK);PWP_PWPLFDNR
PWR_PWKID (PK);PWR_PWKID
PWR_PWRLFDNR (PK);PWR_PWRLFDNR
PWZ_PWKID (PK);PWZ_PWKID
PWZ_FIRMENNR (PK);PWZ_FIRMENNR
PWZ_KLID (PK);PWZ_KLID
PZF_PICID (PK);PZF_PICID
PZF_PICARTIKELNR (PK);PZF_PICARTIKELNR
PZF_PICFARBENNR (PK);PZF_PICFARBENNR
PZG_PICID (PK);PZG_PICID
PZG_PICARTIKELNR (PK);PZG_PICARTIKELNR
PZG_PICGROESSENKBEZ (PK);PZG_PICGROESSENKBEZ
PZU_KONDITIONSART (PK);PZU_KONDITIONSART
PZU_FIRMENNR (PK);PZU_FIRMENNR
PZU_PRIORITAET (PK);PZU_PRIORITAET
RAD_RABBETDET_ID (PK);RAD_RABBETDET_ID
RAP_FIRMENNR (PK);RAP_FIRMENNR
RAP_RABTABNR (PK);RAP_RABTABNR
RAP_RABTABPOSNR (PK);RAP_RABTABPOSNR
RAS_FIRMENNR (PK);RAS_FIRMENNR
RAS_RABTABNR (PK);RAS_RABTABNR
RAS_RABTABPOSNR (PK);RAS_RABTABPOSNR
RAS_RABATTSTAFFELNR (PK);RAS_RABATTSTAFFELNR
RAT_FIRMENNR (PK);RAT_FIRMENNR
RAT_RABTABNR (PK);RAT_RABTABNR
RER_RESERVIERUNGS_ID_BMD (PK);RER_RESERVIERUNGS_ID_BMD
RLK_RLKID (PK);RLK_RLKID
RLP_RLKID (PK);RLP_RLKID
RLP_RLPID (PK);RLP_RLPID
RNA_FIRMENNR (PK);RNA_FIRMENNR
RNA_RECHNUNGLFDNR (PK);RNA_RECHNUNGLFDNR
RNA_RECHNUNGANZAHLUNGLFDNR (PK);RNA_RECHNUNGANZAHLUNGLFDNR
RNG_FIRMENNR (PK);RNG_FIRMENNR
RNG_RECHNUNGLFDNR (PK);RNG_RECHNUNGLFDNR
RNP_FIRMENNR (PK);RNP_FIRMENNR
RNP_RECHNUNGLFDNR (PK);RNP_RECHNUNGLFDNR
RNP_RECHNUNGSPOSLFDNR (PK);RNP_RECHNUNGSPOSLFDNR
RNR_FIRMENNR (PK);RNR_FIRMENNR
RNR_RECHNUNGRABATTNR (PK);RNR_RECHNUNGRABATTNR
RPR_RECHPROVID (PK);RPR_RECHPROVID
RRD_RECHRABDET_ID (PK);RRD_RECHRABDET_ID
RSD_REGKASPROTOKOLLID (PK);RSD_REGKASPROTOKOLLID
RSE_RSEID (PK);RSE_RSEID
RSI_FIRMENNR (PK);RSI_FIRMENNR
RSI_SIGNATUREHLFDNR (PK);RSI_SIGNATUREHLFDNR
RSK_FIRMENNR (PK);RSK_FIRMENNR
RSK_KASSENID (PK);RSK_KASSENID
RUK_FIRMENNR (PK);RUK_FIRMENNR
RUK_RUNDUNGSKOPFNR (PK);RUK_RUNDUNGSKOPFNR
RUP_FIRMENNR (PK);RUP_FIRMENNR
RUP_RUNDUNGSKOPFNR (PK);RUP_RUNDUNGSKOPFNR
RUP_RUNDUNGSPOSNR (PK);RUP_RUNDUNGSPOSNR
SAG_FIRMENNR (PK);SAG_FIRMENNR
SAG_STATISTIKLFDNR (PK);SAG_STATISTIKLFDNR
SAG_STATISTIKGRPLFDNR (PK);SAG_STATISTIKGRPLFDNR
SAI_FIRMENNR (PK);SAI_FIRMENNR
SAI_SAISONNR (PK);SAI_SAISONNR
SBK_FIRMENNR (PK);SBK_FIRMENNR
SBK_SBKNR (PK);SBK_SBKNR
SBP_FIRMENNR (PK);SBP_FIRMENNR
SBP_SBKNR (PK);SBP_SBKNR
SBP_SBPLFDNR (PK);SBP_SBPLFDNR
SKL_STUECKELUNGID (PK);SKL_STUECKELUNGID
SLA_STKLISTVARAUSWAHLID (PK);SLA_STKLISTVARAUSWAHLID
SLA_STKLISTKOPFID (PK);SLA_STKLISTKOPFID
SLK_STKLISTKOPFID (PK);SLK_STKLISTKOPFID
SLP_STKLISTPOSID (PK);SLP_STKLISTPOSID
SLP_STKLISTPOSLFDNR (PK);SLP_STKLISTPOSLFDNR
SNR_SERNRID (PK);SNR_SERNRID
SPV_PROVSTAFFELID (PK);SPV_PROVSTAFFELID
SRA_FIRMENNR (PK);SRA_FIRMENNR
SRA_STEUERARTNR (PK);SRA_STEUERARTNR
SRM_SAMMELRECHID (PK);SRM_SAMMELRECHID
SRP_FIRMENNR (PK);SRP_FIRMENNR
SRP_STEUERTABNR (PK);SRP_STEUERTABNR
SRP_STEUERTABPOSNR (PK);SRP_STEUERTABPOSNR
SRT_FIRMENNR (PK);SRT_FIRMENNR
SRT_STEUERTABNR (PK);SRT_STEUERTABNR
SRW_FIRMENNR (PK);SRW_FIRMENNR
SRW_STEUERARTNR (PK);SRW_STEUERARTNR
SRW_STEUERARTABDATUM (PK);SRW_STEUERARTABDATUM
STZ_STEUERTEXTZUID (PK);STZ_STEUERTEXTZUID
TAE_GROUPID (PK);TAE_GROUPID
TAE_ERFASSNR (PK);TAE_ERFASSNR
TAL_TALID (PK);TAL_TALID
TAL_FIRMENNR (PK);TAL_FIRMENNR
TAL_ARTIKELNR (PK);TAL_ARTIKELNR
TDK_TDKID (PK);TDK_TDKID
TDK_KZ (PK);TDK_KZ
TEZ_TEZID (PK);TEZ_TEZID
TEZ_FIRMENNR (PK);TEZ_FIRMENNR
TEZ_ERFASSUNGSKZ (PK);TEZ_ERFASSUNGSKZ
TEZ_ERFASSUNGSNR (PK);TEZ_ERFASSUNGSNR
TFT_FIRMENNR (PK);TFT_FIRMENNR
TFT_TOURFTLFDNR (PK);TFT_TOURFTLFDNR
TLJ_FIRMENNR (PK);TLJ_FIRMENNR
TLJ_LAGERKONTOLFDNR (PK);TLJ_LAGERKONTOLFDNR
TOO_TOUROBJEKTID (PK);TOO_TOUROBJEKTID
TOU_FIRMENNR (PK);TOU_FIRMENNR
TOU_TOURNR (PK);TOU_TOURNR
TOZ_FIRMENNR (PK);TOZ_FIRMENNR
TOZ_TOURZULFDNR (PK);TOZ_TOURZULFDNR
TRE_TRANSPORTEINHEITID (PK);TRE_TRANSPORTEINHEITID
TRJ_FIRMENNR (PK);TRJ_FIRMENNR
TRJ_TRJLFDNR (PK);TRJ_TRJLFDNR
TRP_TRANSPORTPOSITIONID (PK);TRP_TRANSPORTPOSITIONID
TRT_FIRMENNR (PK);TRT_FIRMENNR
TRT_TRANSPORTTYPID (PK);TRT_TRANSPORTTYPID
TSD_TOUCHSCREENID (PK);TSD_TOUCHSCREENID
TSD_BUTTONID (PK);TSD_BUTTONID
TSK_TOUCHSCREENID (PK);TSK_TOUCHSCREENID
TSW_TSWID (PK);TSW_TSWID
TWL_BLOCKID (PK);TWL_BLOCKID
TWL_FIRMENNR (PK);TWL_FIRMENNR
TWL_LAGERJOURNALLFDNR (PK);TWL_LAGERJOURNALLFDNR
TWP_TWPID (PK);TWP_TWPID
TWP_WARENEINGKOPFID (PK);TWP_WARENEINGKOPFID
TWP_WARENEINGPOSLFDNR (PK);TWP_WARENEINGPOSLFDNR
TWZ_TWZID (PK);TWZ_TWZID
TWZ_WEINSATZKOPFID (PK);TWZ_WEINSATZKOPFID
UMS_UMSATZZEILENNR (PK);UMS_UMSATZZEILENNR
VAZ_VAZSEQID (PK);VAZ_VAZSEQID
VEK_VERTABRKOPFID (PK);VEK_VERTABRKOPFID
VEP_VERTABRPOSID (PK);VEP_VERTABRPOSID
VFR_FIRMENNR (PK);VFR_FIRMENNR
VFR_VFRTABNR (PK);VFR_VFRTABNR
VFR_VFRLFDNR (PK);VFR_VFRLFDNR
VJD_JOURNALID (PK);VJD_JOURNALID
VJD_LIEFERUNG_VLJID (PK);VJD_LIEFERUNG_VLJID
VLJ_JOURNALID (PK);VLJ_JOURNALID
VMK_VERSMGR_KOPFID (PK);VMK_VERSMGR_KOPFID
VMR_FIRMENNR (PK);VMR_FIRMENNR
VMR_VMRLFDNR (PK);VMR_VMRLFDNR
VMZ_VMK_VERSMGR_KOPFID (PK);VMZ_VMK_VERSMGR_KOPFID
VMZ_LFS_FIRMENNR (PK);VMZ_LFS_FIRMENNR
VMZ_EXTERN_LFSNR (PK);VMZ_EXTERN_LFSNR
VPB_VPEID (PK);VPB_VPEID
VPB_FIRMENNR (PK);VPB_FIRMENNR
VPB_ERFASSUNGSKZ (PK);VPB_ERFASSUNGSKZ
VPD_VPEID (PK);VPD_VPEID
VPD_VPDLFDNR (PK);VPD_VPDLFDNR
VPE_VPEID (PK);VPE_VPEID
VPG_VPEID (PK);VPG_VPEID
VPG_FIRMENNR (PK);VPG_FIRMENNR
VPG_ERFASSUNGSKZ (PK);VPG_ERFASSUNGSKZ
VPG_ERFASSUNGSNR (PK);VPG_ERFASSUNGSNR
VPH_VPEID (PK);VPH_VPEID
VPH_FARBCODETABNR (PK);VPH_FARBCODETABNR
VPH_FARBCODENR (PK);VPH_FARBCODENR
VPK_VPEID (PK);VPK_VPEID
VPK_FIRMENNR (PK);VPK_FIRMENNR
VPK_KUNDENHAUPTGRUPPENNR (PK);VPK_KUNDENHAUPTGRUPPENNR
VPK_KUNDENUNTERGRUPPENNR (PK);VPK_KUNDENUNTERGRUPPENNR
VPN_VERSMGR_POSID (PK);VPN_VERSMGR_POSID
VRS_VRSID (PK);VRS_VRSID
VST_VSTATISTIKID (PK);VST_VSTATISTIKID
VSW_VTSTATISTIKID (PK);VSW_VTSTATISTIKID
VTS_FIRMENNR (PK);VTS_FIRMENNR
VTS_STUFE (PK);VTS_STUFE
WAB_WARENEINGBUCHID (PK);WAB_WARENEINGBUCHID
WAD_ADRESSLFDNR (PK);WAD_ADRESSLFDNR
WAF_FIRMENNR (PK);WAF_FIRMENNR
WAF_ADRESSLFDNR (PK);WAF_ADRESSLFDNR
WAG_FIRMENNR (PK);WAG_FIRMENNR
WAG_WARENHAUPTGRNR (PK);WAG_WARENHAUPTGRNR
WAG_WARENUNTERGRNR (PK);WAG_WARENUNTERGRNR
WAK_WARENEINGKOPFID (PK);WAK_WARENEINGKOPFID
WAO_WEINGWBKID (PK);WAO_WEINGWBKID
WAP_WARENEINGKOPFID (PK);WAP_WARENEINGKOPFID
WAP_WARENEINGPOSLFDNR (PK);WAP_WARENEINGPOSLFDNR
WAR_WARENEINGRABATTID (PK);WAR_WARENEINGRABATTID
WAS_WEINSATZKOPFID (PK);WAS_WEINSATZKOPFID
WAS_ARL_FIRMENNR (PK);WAS_ARL_FIRMENNR
WAS_ARTIKELNR (PK);WAS_ARTIKELNR
WAU_WAUID (PK);WAU_WAUID
WAZ_WARENZUORDUNGSID (PK);WAZ_WARENZUORDUNGSID
WBD_WBGID (PK);WBD_WBGID
WBD_WBDLFDNR (PK);WBD_WBDLFDNR
WBF_WWSBERICHTNR (PK);WBF_WWSBERICHTNR
WBF_BERICHTFILTERNR (PK);WBF_BERICHTFILTERNR
WBG_WBGID (PK);WBG_WBGID
WBS_SNAPSHOTID (PK);WBS_SNAPSHOTID
WBT_WWSBUDGETKOPFID (PK);WBT_WWSBUDGETKOPFID
WBW_WWSBUDGETWERTEID (PK);WBW_WWSBUDGETWERTEID
WDR_FIRMENNR (PK);WDR_FIRMENNR
WDR_WDRART (PK);WDR_WDRART
WDR_WDRSUBART (PK);WDR_WDRSUBART
WDR_WDRRANG (PK);WDR_WDRRANG
WEA_ERKONTRRABATTID (PK);WEA_ERKONTRRABATTID
WEB_WEINSATZKOPFID (PK);WEB_WEINSATZKOPFID
WEB_WEINSATZBUCHLFDNR (PK);WEB_WEINSATZBUCHLFDNR
WED_WARENEINGKOPFID (PK);WED_WARENEINGKOPFID
WED_WARENEINGPOSLFDNR (PK);WED_WARENEINGPOSLFDNR
WED_STATUS_QUALI (PK);WED_STATUS_QUALI
WEE_ERKONTRKOPF_ID (PK);WEE_ERKONTRKOPF_ID
WEE_FIRMENNR (PK);WEE_FIRMENNR
WEE_ERFASSUNGSKZ (PK);WEE_ERFASSUNGSKZ
WEE_BESTPRODERFASSUNGSNR (PK);WEE_BESTPRODERFASSUNGSNR
WEG_WEGID (PK);WEG_WEGID
WEI_WEINSATZKOPFID (PK);WEI_WEINSATZKOPFID
WEJ_WEINSATZKOPFID (PK);WEJ_WEINSATZKOPFID
WEJ_LAJ_FIRMENNR (PK);WEJ_LAJ_FIRMENNR
WEJ_LAGERJOURNALLFDNR (PK);WEJ_LAGERJOURNALLFDNR
WEL_WEINSATZKOPFID (PK);WEL_WEINSATZKOPFID
WEL_LAG_FIRMENNR (PK);WEL_LAG_FIRMENNR
WEL_LAGERNR (PK);WEL_LAGERNR
WEM_WEINSATZKOPFID (PK);WEM_WEINSATZKOPFID
WEM_LBK_FIRMENNR (PK);WEM_LBK_FIRMENNR
WEM_LAGERBUCHKENNZ (PK);WEM_LAGERBUCHKENNZ
WEN_WEINSATZKOPFID (PK);WEN_WEINSATZKOPFID
WEN_RNP_FIRMENNR (PK);WEN_RNP_FIRMENNR
WEN_RECHNUNGLFDNR (PK);WEN_RECHNUNGLFDNR
WEN_RECHNUNGSPOSLFDNR (PK);WEN_RECHNUNGSPOSLFDNR
WEO_WEINSATZKOPFID (PK);WEO_WEINSATZKOPFID
WEO_LPO_FIRMENNR (PK);WEO_LPO_FIRMENNR
WEO_LIEFERSCHEINLFDNR (PK);WEO_LIEFERSCHEINLFDNR
WEO_LIEFERSCHEINPOSLFDNR (PK);WEO_LIEFERSCHEINPOSLFDNR
WEP_ERKONTRPOS_ID (PK);WEP_ERKONTRPOS_ID
WER_ERKONTRKOPF_ID (PK);WER_ERKONTRKOPF_ID
WES_ERKONTRKOPF_ID (PK);WES_ERKONTRKOPF_ID
WES_WBGID (PK);WES_WBGID
WET_WEINSATZKOPFID (PK);WET_WEINSATZKOPFID
WET_ARL_FIRMENNR (PK);WET_ARL_FIRMENNR
WET_ARTIKELNR (PK);WET_ARTIKELNR
WEU_ERKONTRZU_ID (PK);WEU_ERKONTRZU_ID
WEW_WEINSATZKOPFID (PK);WEW_WEINSATZKOPFID
WEW_WAG_FIRMENNR (PK);WEW_WAG_FIRMENNR
WEW_WARENHAUPTGRNR (PK);WEW_WARENHAUPTGRNR
WEW_WARENUNTERGRNR (PK);WEW_WARENUNTERGRNR
WFD_WFGID (PK);WFD_WFGID
WFD_WFDLFDNR (PK);WFD_WFDLFDNR
WFE_WFEID (PK);WFE_WFEID
WFG_WFGID (PK);WFG_WFGID
WFH_WFHID (PK);WFH_WFHID
WFK_WFKID (PK);WFK_WFKID
WGI_WWSBERICHTNR (PK);WGI_WWSBERICHTNR
WGI_BERICHTGRUPPNR (PK);WGI_BERICHTGRUPPNR
WGI_BERGRUPPINFOLFDNR (PK);WGI_BERGRUPPINFOLFDNR
WGR_WWSBERICHTNR (PK);WGR_WWSBERICHTNR
WGR_BERICHTGRUPPNR (PK);WGR_BERICHTGRUPPNR
WGZ_WFKID (PK);WGZ_WFKID
WGZ_WKG_FIRMENNR (PK);WGZ_WKG_FIRMENNR
WGZ_WKG_KUNDENHAUPTGRNR (PK);WGZ_WKG_KUNDENHAUPTGRNR
WGZ_WKG_KUNDENUNTERGRNR (PK);WGZ_WKG_KUNDENUNTERGRNR
WIZ_WEINSATZKOPFID (PK);WIZ_WEINSATZKOPFID
WIZ_ZU_WEINSATZKOPFID (PK);WIZ_ZU_WEINSATZKOPFID
WKA_FIRMENNR (PK);WKA_FIRMENNR
WKA_WKALFDNR (PK);WKA_WKALFDNR
WKE_WKEID (PK);WKE_WKEID
WKG_FIRMENNR (PK);WKG_FIRMENNR
WKG_KUNDENHAUPTGRUPPENNR (PK);WKG_KUNDENHAUPTGRUPPENNR
WKG_KUNDENUNTERGRUPPENNR (PK);WKG_KUNDENUNTERGRUPPENNR
WKL_WKLID (PK);WKL_WKLID
WKP_FIRMENNR (PK);WKP_FIRMENNR
WKP_KONTENTABNR (PK);WKP_KONTENTABNR
WKP_KONTENTABPOSNR (PK);WKP_KONTENTABPOSNR
WKR_WKRID (PK);WKR_WKRID
WKT_FIRMENNR (PK);WKT_FIRMENNR
WKT_KONTENTABNR (PK);WKT_KONTENTABNR
WKZ_WFKID (PK);WKZ_WFKID
WKZ_KLI_FIRMENNR (PK);WKZ_KLI_FIRMENNR
WKZ_KLI_PERSONENID (PK);WKZ_KLI_PERSONENID
WLZ_WEINSATZKOPFID (PK);WLZ_WEINSATZKOPFID
WLZ_WEINSATZBUCHLFDNR (PK);WLZ_WEINSATZBUCHLFDNR
WLZ_LAJ_FIRMENNR (PK);WLZ_LAJ_FIRMENNR
WLZ_LAJ_LAGERJOURNALLFDNR (PK);WLZ_LAJ_LAGERJOURNALLFDNR
WPT_WPTID (PK);WPT_WPTID
WPT_FIRMENNR (PK);WPT_FIRMENNR
WPT_PERSONENID (PK);WPT_PERSONENID
WPZ_WEINSATZKOPFID (PK);WPZ_WEINSATZKOPFID
WPZ_WEINSATZBUCHLFDNR (PK);WPZ_WEINSATZBUCHLFDNR
WPZ_LPO_FIRMENNR (PK);WPZ_LPO_FIRMENNR
WPZ_LPO_LIEFERSCHEINLFDNR (PK);WPZ_LPO_LIEFERSCHEINLFDNR
WPZ_LPO_LIEFERSCHEINPOSLFDNR (PK);WPZ_LPO_LIEFERSCHEINPOSLFDNR
WRK_FIRMENNR (PK);WRK_FIRMENNR
WRK_RECHNUNGLFDNR (PK);WRK_RECHNUNGLFDNR
WRP_FIRMENNR (PK);WRP_FIRMENNR
WRP_RECHNUNGLFDNR (PK);WRP_RECHNUNGLFDNR
WRP_RECHNUNGSPOSLFDNR (PK);WRP_RECHNUNGSPOSLFDNR
WRZ_WEINSATZKOPFID (PK);WRZ_WEINSATZKOPFID
WRZ_WEINSATZBUCHLFDNR (PK);WRZ_WEINSATZBUCHLFDNR
WRZ_RNP_FIRMENNR (PK);WRZ_RNP_FIRMENNR
WRZ_RNP_RECHNUNGLFDNR (PK);WRZ_RNP_RECHNUNGLFDNR
WRZ_RNP_RECHNUNGSPOSLFDNR (PK);WRZ_RNP_RECHNUNGSPOSLFDNR
WSK_WSKID (PK);WSK_WSKID
WSN_SEQUENZID (PK);WSN_SEQUENZID
WSN_FEHLTNR (PK);WSN_FEHLTNR
WSS_WSSID (PK);WSS_WSSID
WST_WSTID (PK);WST_WSTID
WST_WSSID (PK);WST_WSSID
WSZ_WEINSATZKOPFID (PK);WSZ_WEINSATZKOPFID
WSZ_WEINSATZBUCHLFDNR (PK);WSZ_WEINSATZBUCHLFDNR
WSZ_EPSTKLISTID (PK);WSZ_EPSTKLISTID
WTB_FIRMENNR (PK);WTB_FIRMENNR
WTB_WWSTEXTBNR (PK);WTB_WWSTEXTBNR
WUR_WURID (PK);WUR_WURID
WUR_SPRACHNR (PK);WUR_SPRACHNR
WVD_WVDID (PK);WVD_WVDID
WVT_WVLFDNR (PK);WVT_WVLFDNR
WWB_WWSBERICHTNR (PK);WWB_WWSBERICHTNR
WWK_WWSBERICHTKOPFNR (PK);WWK_WWSBERICHTKOPFNR
WWM_WWMID (PK);WWM_WWMID
WWM_FUNKTIONSNR (PK);WWM_FUNKTIONSNR
WWM_STARTKZ (PK);WWM_STARTKZ
WZZ_WEINSATZKOPFID (PK);WZZ_WEINSATZKOPFID
WZZ_ERZ_FIRMENNR (PK);WZZ_ERZ_FIRMENNR
WZZ_ERZ_ERFASSUNGSKZ (PK);WZZ_ERZ_ERFASSUNGSKZ
ZEK_ZEITEINHEITENKOPFNR (PK);ZEK_ZEITEINHEITENKOPFNR
ZEP_ZEITEINHEITENKOPFNR (PK);ZEP_ZEITEINHEITENKOPFNR
ZEP_ZEITEINHEITENPOSNR (PK);ZEP_ZEITEINHEITENPOSNR
ZWK_BMDWVNR (PK);ZWK_BMDWVNR
ZWP_BMDWVPOSID (PK);ZWP_BMDWVPOSID
BOI_FIRMENNR (PK);BOI_FIRMENNR
BOI_LIE_KLID (PK);BOI_LIE_KLID
BOI_FA_RECHNR (PK);BOI_FA_RECHNR
BSI_FIRMENNR (PK);BSI_FIRMENNR
BSI_BONUSSTATISTIKID (PK);BSI_BONUSSTATISTIKID
FPK_LANDNR (PK);FPK_LANDNR
FPK_FIRMENNR (PK);FPK_FIRMENNR
FPK_FIBUNR (PK);FPK_FIBUNR
FPK_PROZENTSATZNR (PK);FPK_PROZENTSATZNR
GUD_FIRMENNR (PK);GUD_FIRMENNR
GUD_LIE_KLID (PK);GUD_LIE_KLID
GUD_GD_LFDNR (PK);GUD_GD_LFDNR
GUT_FIRMENNR (PK);GUT_FIRMENNR
GUT_LIE_KLID (PK);GUT_LIE_KLID
IFA_FIRMENNR (PK);IFA_FIRMENNR
IFA_FA_RECHNR (PK);IFA_FA_RECHNR
PZK_FPKID (PK);PZK_FPKID
PZK_PZKTYPE (PK);PZK_PZKTYPE
SAW_FIRMENNR (PK);SAW_FIRMENNR
SAW_SSTATISTIKID (PK);SAW_SSTATISTIKID
AFK_FIRMENNR (PK);AFK_FIRMENNR
AFK_FILTERKOPFNR (PK);AFK_FILTERKOPFNR
AFP_FIRMENNR (PK);AFP_FIRMENNR
AFP_FILTERKOPFNR (PK);AFP_FILTERKOPFNR
AFP_FILTERPOSNR (PK);AFP_FILTERPOSNR
AFT_AUFBSESSIONID (PK);AFT_AUFBSESSIONID
AFT_AUFBNR (PK);AFT_AUFBNR
AKU_PER_FIRMENNR (PK);AKU_PER_FIRMENNR
AKU_PERSONENID (PK);AKU_PERSONENID
AKU_ARL_FIRMENNR (PK);AKU_ARL_FIRMENNR
AKU_ARTIKELNR (PK);AKU_ARTIKELNR
ALT_LEISTUNGLFDNR (PK);ALT_LEISTUNGLFDNR
ARU_UMLAGEID (PK);ARU_UMLAGEID
ASB_AUSWERTSUBID (PK);ASB_AUSWERTSUBID
ASC_ASCID (PK);ASC_ASCID
ASK_FIRMENNR (PK);ASK_FIRMENNR
ASK_SORTKOPFNR (PK);ASK_SORTKOPFNR
ASO_FIRMENNR (PK);ASO_FIRMENNR
ASO_SORTKOPFNR (PK);ASO_SORTKOPFNR
ASO_SORTPOSNR (PK);ASO_SORTPOSNR
AUE_FIRMENNR (PK);AUE_FIRMENNR
AUE_AUSWERTTYPNR (PK);AUE_AUSWERTTYPNR
AUT_AUSWERTTYPNR (PK);AUT_AUSWERTTYPNR
AWC_FIRMENNR (PK);AWC_FIRMENNR
AWC_SPALTENAUSWAHLNR (PK);AWC_SPALTENAUSWAHLNR
AWE_AUSWERTTYPNR (PK);AWE_AUSWERTTYPNR
AWE_AUSWERTNR (PK);AWE_AUSWERTNR
AWE_FIRMENNR (PK);AWE_FIRMENNR
AWS_AUSWERTTYPNR (PK);AWS_AUSWERTTYPNR
AWS_AUSWERTNR (PK);AWS_AUSWERTNR
AWS_AUSWERTAUSWAHLNR (PK);AWS_AUSWERTAUSWAHLNR
AWS_FIRMENNR (PK);AWS_FIRMENNR
AWZ_AWZID (PK);AWZ_AWZID
FKK_PER_FIRMENNR (PK);FKK_PER_FIRMENNR
FKK_PERSONENID (PK);FKK_PERSONENID
FKK_FAKTURAKZ (PK);FKK_FAKTURAKZ
FRT_FIRMENNR (PK);FRT_FIRMENNR
FRT_FAKTURATYPNR (PK);FRT_FAKTURATYPNR
GAW_ARL_FIRMENNR (PK);GAW_ARL_FIRMENNR
GAW_ARTIKELNR (PK);GAW_ARTIKELNR
GAW_GUELTIGAB (PK);GAW_GUELTIGAB
GEB_GEBUEHRENID (PK);GEB_GEBUEHRENID
GEG_GEGENSTANDSWERTID (PK);GEG_GEGENSTANDSWERTID
GEZ_GEBUEHRENZUSATZID (PK);GEZ_GEBUEHRENZUSATZID
GOH_GOHBAUMID (PK);GOH_GOHBAUMID
GOH_GOHNR (PK);GOH_GOHNR
GOL_GOHBAUMID (PK);GOL_GOHBAUMID
GOL_GOHNR (PK);GOL_GOHNR
GOL_LEISTUNGLFDNR (PK);GOL_LEISTUNGLFDNR
HNP_HONORARPOSNR (PK);HNP_HONORARPOSNR
HPT_HONTXT_LFDNR (PK);HPT_HONTXT_LFDNR
HVG_HONVORGRUPPE_ID (PK);HVG_HONVORGRUPPE_ID
INL_INTERNLEILFDNR (PK);INL_INTERNLEILFDNR
KOS_KOSFAKTLFDNR (PK);KOS_KOSFAKTLFDNR
LEI_LEISTUNGLFDNR (PK);LEI_LEISTUNGLFDNR
LEP_TIMESTAMP (PK);LEP_TIMESTAMP
LFK_LEISTUNGLFDNR (PK);LFK_LEISTUNGLFDNR
LLD_LLDID (PK);LLD_LLDID
LPR_FIRMENNR (PK);LPR_FIRMENNR
LPR_PERSONENID (PK);LPR_PERSONENID
LTK_ERSTELL_FIRMENNR (PK);LTK_ERSTELL_FIRMENNR
LTK_EMPF_FIRMENNR (PK);LTK_EMPF_FIRMENNR
LTK_GUELTIGAB (PK);LTK_GUELTIGAB
LTS_ERSTELL_FIRMENNR (PK);LTS_ERSTELL_FIRMENNR
LTS_EMPF_FIRMENNR (PK);LTS_EMPF_FIRMENNR
LTS_GUELTIGAB (PK);LTS_GUELTIGAB
LTS_LEISTTAUSCHLFDNR (PK);LTS_LEISTTAUSCHLFDNR
MLS_MLSID (PK);MLS_MLSID
MLT_MLTID (PK);MLT_MLTID
MRD_MRDID (PK);MRD_MRDID
MRV_MRVID (PK);MRV_MRVID
PAL_FIRMENNR (PK);PAL_FIRMENNR
PAL_PAUSCHALNR (PK);PAL_PAUSCHALNR
PRD_FIRMENNR (PK);PRD_FIRMENNR
PRD_PERIODE_JAHR (PK);PRD_PERIODE_JAHR
PRD_PERIODE_MONAT (PK);PRD_PERIODE_MONAT
PRD_UPERIODE (PK);PRD_UPERIODE
PRD_PERIODENKZ (PK);PRD_PERIODENKZ
RDR_HONORARPOSNR (PK);RDR_HONORARPOSNR
REW_REGELWERKID (PK);REW_REGELWERKID
REZ_REGELWERKZUID (PK);REZ_REGELWERKZUID
RPZ_RECHPOSZULFDNR (PK);RPZ_RECHPOSZULFDNR
RTZ_RECHTEXTZUNR (PK);RTZ_RECHTEXTZUNR
RVD_RVDID (PK);RVD_RVDID
RVK_RVKID (PK);RVK_RVKID
SMI_SMARTINTERFACEID (PK);SMI_SMARTINTERFACEID
SMI_FIRMENNR (PK);SMI_FIRMENNR
SMZ_STAPELINTERFACEID (PK);SMZ_STAPELINTERFACEID
SMZ_SMARTINTERFACEID (PK);SMZ_SMARTINTERFACEID
SMZ_STAPEL_FIRMENNR (PK);SMZ_STAPEL_FIRMENNR
SMZ_SMI_FIRMENNR (PK);SMZ_SMI_FIRMENNR
SSZ_SMI_FIRMENNR (PK);SSZ_SMI_FIRMENNR
SSZ_SMI_SMARTINTERFACEID (PK);SSZ_SMI_SMARTINTERFACEID
SSZ_ASK_FIRMENNR (PK);SSZ_ASK_FIRMENNR
SSZ_ASK_SORTKOPFNR (PK);SSZ_ASK_SORTKOPFNR
STK_STKID (PK);STK_STKID
STP_STKID (PK);STP_STKID
STP_STPLFDNR (PK);STP_STPLFDNR
TAG_FIRMENNR (PK);TAG_FIRMENNR
TAG_MITARBEITERID (PK);TAG_MITARBEITERID
TAG_TAGESAB_JAHR (PK);TAG_TAGESAB_JAHR
TAG_TAGESAB_MONAT (PK);TAG_TAGESAB_MONAT
TAP_FIRMENNR (PK);TAP_FIRMENNR
TAP_MITARBEITERID (PK);TAP_MITARBEITERID
TAP_TSS_DATUM (PK);TAP_TSS_DATUM
TAP_TIMESTAMP (PK);TAP_TIMESTAMP
TPZ_TPZUID (PK);TPZ_TPZUID
TSS_FIRMENNR (PK);TSS_FIRMENNR
TSS_MITARBEITERID (PK);TSS_MITARBEITERID
TSS_TAGABSOLL_JAHR (PK);TSS_TAGABSOLL_JAHR
TSS_TAGABSOLL_MONAT (PK);TSS_TAGABSOLL_MONAT
TSS_TAGABSOLL_TAG (PK);TSS_TAGABSOLL_TAG
TSS_TAGABSOLL_AUSWJAHR (PK);TSS_TAGABSOLL_AUSWJAHR
TSS_TAGABSOLL_AUSWMONAT (PK);TSS_TAGABSOLL_AUSWMONAT
TSS_TAGABSOLL_UNTERPERIODE (PK);TSS_TAGABSOLL_UNTERPERIODE
WOL_WOLSESSIONID (PK);WOL_WOLSESSIONID
WOL_WOLZEILENNR (PK);WOL_WOLZEILENNR
ZLG_ZAHLUNGNR (PK);ZLG_ZAHLUNGNR
ZLT_ZEILENTYPNR (PK);ZLT_ZEILENTYPNR
ZLT_FIRMENNR (PK);ZLT_FIRMENNR
ZSD_ZSDID (PK);ZSD_ZSDID
ZSK_ZSKID (PK);ZSK_ZSKID
